Participant_Number,Condition,Core_ID,Day,Core working order during session,Beginning_Max_Length_(cm),Beginning_Max_Width_(cm),Beginning_Max_Thickness_(cm),Beginning_Mass_(g),Ending_Mass_(g),Reduction_Intensity_%,Number_of_Detached_Pieces_Total,Utility_of_Detached_Pieces_Average,Utility_of_Detached_Pieces_Total,Number_of_Whole_Flakes_Total,Weight_of_Whole_Flakes_Average,Weight_of_Whole_Flakes_Total,Utility_of_Whole_Flakes_Average,Utility_of_Whole_Flakes_Total,Quantity,Quality,Economy
1,Child,1,1,1,14.1,7.6,7.2,697,686,1.578192253,0,0,0,0,0,0,0,0,-2.67342,-3.34502,-0.97123
1,Child,3,1,2,14.3,7.8,6.6,870,748,14.02298851,5,43.70780769,218.0516539,3,18.33333333,55,43.22042311,129.6612693,-1.17611,-0.09258,1.54543
1,Child,31,2,1,14.3,8.7,5.2,589,408,30.73005093,7,36.8763695,265.1984991,2,8,16,35.20157449,70.40314897,-1.31629,-0.66091,0.41506
1,Child,201,2,2,13.2,11.1,9.7,1078,1002,7.050092764,3,49.0067935,147.0203805,1,12,12,39.80514698,39.80514698,-1.57525,0.30513,1.57400
1,Child,149,3,1,20.2,13.5,5.6,1257,888,29.35560859,19,45.58141944,922.472337,14,12.5,175,50.56891932,707.9648705,1.20936,-1.72388,2.92547
1,Child,7,4,1,13.5,12.9,6,940,514,45.31914894,6,38.85500528,225.0764877,1,6,6,50.80265871,50.80265871,-1.23555,-0.01140,0.43774
1,Child,4,4,2,11.3,10.7,3.4,427,289,32.31850117,7,30.84351182,257.5229819,6,12.66666667,76,39.16719166,235.00315,-0.83793,-1.29605,1.01676
1,Child,89,4,3,13.2,12.9,7.1,1158,1110,4.14507772,2,24.17724616,48.35449233,0,0,0,0,0,-2.35808,-2.05298,-0.22555
1,Child,116,5,1,13.2,10.1,3.1,615,378,38.53658537,15,44.64854144,669.7639761,7,10.57142857,74,44.61268682,312.2888078,-0.03083,-0.83045,1.22256
1,Child,137,5,2,11.6,11.8,6.3,774,356,54.00516796,18,47.56836589,839.3303535,7,25.57142857,179,51.03428837,357.2400186,0.53914,-0.37821,0.94311
1,Child,256,5,3,16.2,9.6,6.8,1199,754,37.11426188,13,45.02864209,605.7394288,4,46,184,57.41300892,229.6520357,-0.07134,0.36674,1.01816
2,Child,14,1,1,13.8,9.7,6.6,1143,831,27.29658793,8,41.09789523,328.7831618,2,5.5,11,37.15945998,74.31891996,-1.22474,-0.46567,0.64184
2,Child,44,2,1,16.2,9.6,7.4,866,795,8.198614319,2,42.88890095,85.7778019,2,17,34,42.88890095,85.7778019,-1.51643,0.02686,1.64812
2,Child,32,2,2,13.4,8.4,5.9,446,407,8.744394619,2,35.80624394,71.61248789,0,0,0,0,0,-2.21163,-1.39983,0.09344
2,Child,78,3,1,12.4,9.7,8.8,882,790,10.430839,8,29.81053684,246.2526799,4,6.25,25,31.93546113,127.7418445,-1.32746,-1.45742,0.86243
2,Child,73,3,2,11,9.2,6.7,436,377,13.53211009,1,54.9919722,54.9919722,1,15,15,54.9919722,54.9919722,-1.44522,1.12126,2.15483
2,Child,105,4,1,12,9.3,7.9,1038,1016,2.119460501,0,0,0,0,0,0,0,0,-2.67022,-3.34302,-0.98386
2,Child,34,4,2,18.7,11.5,5.8,835,655,21.55688623,10,40.35012671,395.385972,4,24.75,99,53.03144709,212.1257883,-0.62329,-0.22347,1.41898
2,Child,117,5,1,11.4,7,5.3,461,312,32.32104121,6,43.67467998,303.6823017,2,12.66666667,38,41.63422175,124.9026653,-1.09523,-0.10400,0.90570
2,Child,258,5,2,16.4,13.1,5.8,1102,1032,6.352087114,5,30.83408139,149.309444,1,5,5,35.69504433,35.69504433,-1.75080,-0.92930,0.75686
3,Child,8,1,1,12,11.3,6.1,790,706,10.63291139,3,38.13970283,113.5702594,2,6,12,37.29085375,74.58170751,-1.61042,-0.52608,1.25980
3,Child,30,1,2,18.9,10.6,5.2,1029,694,32.55587949,6,39.64222466,232.151222,3,8,24,36.31096666,108.9329,-1.20873,-0.56196,0.75582
3,Child,46,2,1,16.7,10.2,4.3,930,375,59.67741935,15,44.98354884,608.621374,9,12.44444444,112,36.21767328,325.9590595,0.17009,-1.05671,0.82124
3,Child,38,2,2,11.6,9.1,5.4,600,226,62.33333333,11,37.37577049,371.9568138,1,27,27,48.54275512,48.54275512,-0.87432,0.04988,-0.49479
3,Child,79,3,1,14.6,8.6,4.4,739,208,71.85385656,8,54.47699534,438.8052418,4,7.5,30,55.97163485,223.8865394,-0.31206,0.58805,1.01018
3,Child,75,3,2,16.2,7.4,5.4,555,144.2,74.01801802,10,39.34556734,390.4806821,2,21.5,43,34.03070932,68.06141864,-0.83037,-0.30387,-0.81043
3,Child,171,3,3,13.6,12.1,4.5,1111,268,75.87758776,18,39.4618749,727.0043688,8,27,216,45.02541508,360.2033207,0.58599,-0.91344,0.17167
3,Child,13,4,1,10,9.2,8.5,414,351,15.2173913,3,35.69566518,107.0869955,3,10,30,35.69566518,107.0869955,-1.49780,-0.73776,1.18365
3,Child,119,4,2,16.1,9,7.2,1151,789,31.45091225,16,40.969354,648.0523409,6,21.33333333,128,42.60088386,255.6053032,-0.13837,-0.82877,0.89965
3,Child,37,4,3,12.8,7.1,6.4,803,648,19.30261519,8,38.58384235,312.5133796,3,12.66666667,38,41.76862543,125.3058763,-1.10448,-0.54877,1.03149
3,Child,118,5,1,13.1,11.9,5.3,623,327,47.51203852,13,42.2710875,553.4228481,4,16.75,67,49.758256,199.033024,-0.37509,-0.30095,0.59540
3,Child,142,5,2,16.7,9.1,6.3,960,156.9,83.65625,10,46.09507222,420.8975208,1,54,54,57.14859402,57.14859402,-0.49454,1.17009,-0.59758
3,Child,260,5,3,15,8.4,7.7,1128,988,12.41134752,6,38.54016012,240.0882352,1,16,16,32.81309429,32.81309429,-1.55093,-0.45066,0.67038
4,Child,6,1,1,13.9,8.8,3.3,462,333,27.92207792,3,39.37324877,118.1197463,0,0,0,0,0,-2.01118,-1.16407,-0.28897
4,Child,9,1,2,15.6,11,3.8,703,404,42.53200569,6,44.4779587,288.7500566,1,6,6,29.62310318,29.62310318,-1.35255,-0.22888,0.14116
4,Child,42,1,3,14.8,11.7,8.2,1129,903,20.01771479,6,41.85048463,251.1029078,3,35,105,53.72093738,161.1628122,-0.89180,0.25170,1.50177
4,Child,39,2,1,17.2,9.1,5.2,498,277,44.37751004,4,44.70332879,178.8133152,0,0,0,0,0,-1.80210,-0.84456,-0.55013
4,Child,131,2,2,14.8,7.8,9.4,1007,885,12.11519364,6,43.98405939,263.9043563,3,9.666666667,29,46.18263458,138.5479037,-1.14845,-0.17107,1.66352
4,Child,48,2,3,14.3,10.2,8.1,864,573,33.68055556,13,43.75042958,535.0348388,4,15.25,61,43.49191781,173.9676712,-0.54435,-0.41398,0.79115
4,Child,185,3,1,11.1,10.1,9.4,1163,529,54.51418745,9,42.69129834,396.0435818,4,89.75,359,45.8548762,183.4195048,-0.05257,0.81550,0.24203
4,Child,76,3,2,11.7,8.2,7.2,546,209,61.72161172,7,33.07012807,254.6908411,1,5,5,20.81795085,20.81795085,-1.41988,-1.02100,-0.97379
4,Child,121,4,1,13.4,11.1,8.9,1008,169.7,83.16468254,4,45.19249203,180.7699681,2,24,48,45.08462738,90.16925476,-0.88618,0.50865,-0.13389
4,Child,41,4,2,17.2,9.2,5.3,948,306,67.72151899,16,47.90220156,761.4241561,7,39.14285714,274,48.83039184,341.8127429,0.63671,-0.08034,0.63404
4,Child,18,4,3,12.8,11.6,3.3,666,314,52.85285285,3,50.76427535,152.2928261,0,0,0,0,0,-1.73999,-0.45194,-0.46039
4,Child,262,5,1,14,11.8,6.3,1012,497,50.88932806,14,49.36272005,650.7518253,2,31.5,63,59.94468629,119.8893726,-0.29934,0.73570,0.43827
4,Child,143,5,2,14.5,8.7,7.2,981,345,64.83180428,19,44.85440263,849.605987,7,33.28571429,233,47.3515941,331.4611587,0.63695,-0.45591,0.36971
4,Child,120,5,3,12.7,7.7,4.5,537,273,49.16201117,12,50.35669412,610.5448307,7,15.85714286,111,53.79495786,376.564705,0.17415,-0.16491,1.69308
5,Child,11,1,1,12.8,9.1,6.5,596,559,6.208053691,1,47.90528056,47.90528056,0,0,0,0,0,-2.15838,-0.71508,0.66740
5,Child,12,1,2,19.6,8.2,4.6,705,655,7.092198582,2,33.59119222,67.18238443,2,5,10,33.59119222,67.18238443,-1.76968,-0.85525,1.14372
5,Child,49,1,3,14.3,10.7,8.1,1065,708,33.52112676,8,48.1758865,374.5832309,1,30,30,52.77923333,52.77923333,-0.97529,0.73870,0.79542
5,Child,50,2,1,13.1,10.5,8.1,721,440,38.97364771,6,43.0239504,258.1437024,3,8,24,35.95429299,107.862879,-1.12823,-0.36581,0.70699
5,Child,40,2,2,15.4,9.9,5.9,666,598,10.21021021,4,48.88134809,185.4778866,3,11,33,43.85759523,131.5727857,-1.23496,0.12064,1.94876
5,Child,132,2,3,16.9,16.2,4.7,1211,1011,16.51527663,5,28.060821,182.6008289,4,34.25,137,42.15972896,168.6389158,-1.09418,-0.85378,1.01420
5,Child,81,3,1,13.9,7.6,6,452,328,27.43362832,9,38.64196162,347.1841984,4,12.5,50,39.23541788,156.9416715,-0.92176,-0.71651,0.90136
5,Child,85,3,2,15.7,11.6,7.7,827,537,35.06650544,9,48.15255951,380.3023925,4,16.5,66,42.20694403,168.8277761,-0.70412,-0.05500,1.13981
5,Child,187,3,3,18.1,11.2,6.3,1154,575,50.17331023,10,39.06646099,405.060808,7,13,91,38.7706131,271.3942917,-0.37460,-0.99072,0.87416
5,Child,63,4,1,12.3,9.6,3.7,426,292,31.45539906,8,50.11177705,340.0161793,1,28,28,73.99953083,73.99953083,-0.80728,1.32345,1.48630
5,Child,43,4,3,18.1,8.2,4.4,707,260,63.22489392,20,36.24057563,807.5044078,13,16.07692308,209,43.59906656,566.7878653,1.05540,-1.98633,1.21866
5,Child,155,4,3,11.7,7.6,7.8,951,758,20.29442692,5,38.56132748,228.8117515,4,41.75,167,50.56303219,202.2521288,-0.78878,0.00447,1.53032
5,Child,152,5,1,17.8,7.5,5.1,820,457,44.26829268,14,37.0386917,618.7312727,10,24.9,249,45.9086305,459.086305,0.47475,-1.31124,1.52330
5,Child,122,5,2,15.6,10.8,3.1,553,170.1,69.24050633,3,56.38987764,165.3746954,1,17,17,60.18481517,60.18481517,-0.92903,1.48442,0.87518
5,Child,263,5,3,15.7,9.6,9.1,1192,585,50.92281879,21,39.17863845,895.5622299,6,23.5,141,44.68640276,268.1184166,0.29709,-0.94894,0.08464
6,Child,15,1,1,14.9,8.6,9.3,782,472.6,39.56521739,2,56.96833063,113.9366613,0,0,0,0,0,-1.81250,-0.12857,0.15014
6,Child,33,1,2,17.1,9.4,7.9,1060,869.3,17.99056604,5,56.10812575,279.4212294,4,21,84,55.73499263,222.9399705,-0.69813,0.76526,2.48153
6,Child,52,2,1,18.7,9.5,6.6,963,600.1,37.68431983,6,42.67828233,259.0190013,2,17,34,41.20362867,82.40725734,-1.14924,-0.03822,0.63260
6,Child,45,2,2,16.4,9.4,3.1,540,405.9,24.83333333,7,40.73577384,280.7773669,3,17.66666667,53,45.10882378,135.3264713,-1.03038,-0.24148,1.11914
6,Child,84,3,1,16.5,8,4.3,465,289.2,37.80645161,4,39.89596971,168.9984318,1,19,19,35.18869322,35.18869322,-1.45331,-0.12918,0.29783
6,Child,193,3,2,15.1,11.6,7.8,1080,802.4,25.7037037,11,42.91173337,461.0548315,4,20,80,41.64926712,166.5970685,-0.68593,-0.40148,0.99214
6,Child,225,4,1,15.1,8.4,7.7,1033,785.8,23.9303001,3,39.57710372,124.8167214,0,0,0,0,0,-2.02876,-1.16920,-0.19243
6,Child,106,4,2,13.4,7.6,4.6,478,282.2,40.9623431,6,42.07327171,251.6350658,0,0,0,0,0,-1.74852,-1.06088,-0.69795
6,Child,77,5,1,18.6,8,7.1,814,488.3,40.01228501,13,45.52513662,588.3064308,4,16.5,66,48.89893506,195.5957402,-0.38096,-0.17869,0.84483
6,Child,265,5,2,11.4,11.3,6.8,1043,908,12.94343241,6,47.24496372,291.1940453,4,13.5,54,51.10709522,204.4283809,-0.88677,0.03475,2.10106
7,Child,16,1,1,12.8,11.3,7.6,817,721,11.750306,5,38.2848041,190.332521,2,7.5,15,39.37630356,78.75260712,-1.47428,-0.50647,1.15811
7,Child,53,2,1,11.8,8.3,5.1,500,484,3.2,1,28.49626927,28.49626927,1,7,7,28.49626927,28.49626927,-2.02792,-1.10387,0.78758
7,Child,55,2,2,14.6,9,5.6,728,359,50.68681319,2,37.7352208,75.4704416,1,11,11,29.16056744,29.16056744,-1.58901,-0.38339,-0.04760
7,Child,135,2,3,13.4,10.2,7.6,1029,1021,0.777453839,0,0,0,0,0,0,0,0,-2.67815,-3.34797,-0.95255
7,Child,86,3,1,12.7,10.2,3.8,421,355,15.67695962,5,39.07063049,183.5594011,2,6.5,13,29.16319419,58.32638838,-1.55696,-0.69063,0.82488
7,Child,92,3,2,14,11.4,6.6,905,826,8.729281768,4,47.91500395,196.4673687,1,20,20,45.51132749,45.51132749,-1.43926,0.45695,1.51701
7,Child,103,4,1,14.6,13.7,3.3,796,513,35.55276382,3,47.32624012,144.7171251,2,12,24,50.06464485,100.1292897,-1.20261,0.43305,1.32547
7,Child,107,4,2,12.8,9.4,4.2,522,132.7,74.57854406,5,41.18309415,206.5744847,1,12,12,40.96342284,40.96342284,-1.14722,0.09411,-0.38827
7,Child,124,5,1,12.7,9.7,3.4,417,356,14.62829736,1,44.39359639,44.39359639,0,0,0,0,0,-2.14248,-0.87708,0.33996
7,Child,267,5,2,16.3,10.5,7.1,1232,767,37.74350649,15,44.4967525,679.6274611,6,20.66666667,124,45.45347393,272.7208436,-0.03988,-0.55707,1.01455
9,Child,21,1,1,15.4,9.6,6.6,621,437,29.62962963,6,39.14058579,243.4639322,4,31.75,127,42.01405826,168.056233,-0.87283,-0.26728,1.05613
9,Child,19,1,2,16.4,7.3,5.2,704,498,29.26136364,4,36.08145283,149.0412068,0,0,0,0,0,-1.98762,-1.36876,-0.50544
9,Child,80,1,3,18.2,9.4,6.3,1104,725,34.32971014,8,41.54373975,320.4509691,2,68,136,45.85532747,91.71065495,-0.80084,0.61435,0.39182
9,Child,61,2,1,17.7,9.7,3.9,765,372,51.37254902,7,55.8469615,392.7733746,4,42.5,170,56.16991881,224.6796752,-0.21951,1.11627,1.45195
9,Child,148,2,2,14.9,11.3,7.2,1198,812,32.22036728,7,44.78519516,312.0832056,3,69,207,47.64385605,142.9315681,-0.59501,0.75811,0.89259
9,Child,59,2,3,12.8,10.4,4.1,472,168.5,64.30084746,4,38.74840323,154.9936129,0,0,0,0,0,-1.75290,-1.09397,-1.22555
9,Child,91,3,1,12,6.9,5.5,520,344,33.84615385,9,40.6758842,377.1727442,3,23.33333333,70,49.13604313,147.4081294,-0.78591,-0.11219,0.85500
9,Child,96,3,2,12.4,10.1,7.7,713,493,30.85553997,7,42.93843408,299.4380431,0,0,0,0,0,-1.74461,-1.08247,-0.50052
9,Child,10,3,3,11.1,8.2,7.2,1159,452,61.00086281,11,49.09099106,555.0534412,5,30,150,57.30387547,286.5193773,0.06510,0.37563,1.04497
9,Child,114,4,1,13.9,13.5,3.4,748,460,38.5026738,13,49.75407039,658.3487406,5,28,140,61.29989591,306.4994796,0.09241,0.31098,1.59437
9,Child,243,4,2,16.8,13.1,4.6,1049,235,77.59771211,24,39.02054223,1051.821806,7,32.71428571,229,51.09953991,357.6967794,0.96992,-0.82756,-0.33264
9,Child,111,4,3,11.7,6.4,7.8,460,91.2,80.17391304,8,39.09440361,291.5711496,1,36,36,48.31248743,48.31248743,-0.85266,0.40176,-0.73265
9,Child,127,5,1,12.6,5.6,4.8,657,305,53.57686454,12,41.46314392,517.4105019,3,42,126,39.04690987,117.1407296,-0.49982,-0.05258,-0.18438
9,Child,164,5,2,14.4,11.1,7,857,420,50.99183197,16,43.72319405,697.794493,4,17.75,71,47.35474464,189.4189786,-0.19631,-0.33938,0.27294
9,Child,36,5,3,14.9,13.6,9.8,1202,469,60.98169717,18,45.13133628,830.1946127,7,35.14285714,246,50.96078804,356.7255163,0.65703,-0.34039,0.65831
10,Child,23,1,1,9.6,7.7,6.7,419,260.8,37.75656325,5,25.99037566,130.7104745,3,61,183,26.74897187,80.24691562,-1.18197,-0.73074,-0.33563
10,Child,24,1,2,13.7,9.3,8,812,613.3,24.47044335,6,40.56619981,231.893509,2,40,80,46.31804477,92.63608955,-1.10256,0.22462,0.89115
10,Child,179,2,1,13.1,9.7,8.2,1190,264,77.81512605,24,45.37301081,1093.032852,10,31.2,312,49.15280934,491.5280934,1.46076,-0.90079,0.48429
10,Child,62,2,2,16.2,10,6.4,702,315.8,55.01424501,12,48.62235729,539.4693344,0,0,0,0,0,-1.27096,-0.84061,-1.20508
10,Child,97,3,1,14.6,9.7,5.8,739,698.6,5.466847091,1,29.5300497,29.5300497,1,6,6,29.5300497,29.5300497,-1.99871,-1.02713,0.80531
10,Child,56,3,2,16.6,14.3,4.1,1255,1011.2,19.42629482,8,51.68858623,444.3269501,7,27.57142857,193,56.82496295,397.7747406,-0.01938,0.15095,2.78512
10,Child,248,4,1,13.5,9.7,10.9,1082,517.7,52.15341959,16,40.53996918,689.2191782,6,21.33333333,128,49.11656588,294.6993953,0.10272,-0.66886,0.61436
10,Child,125,4,2,14.6,9.7,6.8,964,548,43.15352697,12,38.63564155,474.3087566,3,32.66666667,98,52.34861737,157.0458521,-0.51832,-0.07871,0.42483
10,Child,275,5,1,15.8,15.4,6.6,1203,16.7,98.61180382,33,43.54785504,1564.792492,20,27.4,548,51.32781765,1026.556353,3.57495,-2.49071,1.66816
10,Child,166,5,2,15.8,8,6.1,861,225.1,73.85598142,21,47.87642463,1027.957485,11,21.72727273,239,57.45695709,632.026528,1.51317,-0.87507,1.48065
11,Child,25,1,1,11.9,6.4,6.8,474,339,28.48101266,7,32.85871555,241.2565775,3,10.33333333,31,37.69410655,113.0823196,-1.23252,-0.91229,0.57660
11,Child,28,1,2,14.9,10.9,8.2,893,698,21.83650616,6,43.09405131,241.5756627,2,18.5,37,51.58837389,103.1767478,-1.13708,0.18502,1.30713
11,Child,65,2,1,13,10.3,5.8,562,371,33.98576512,6,38.20990439,252.5579098,3,28,84,51.11560534,153.346816,-0.91267,-0.04987,0.99485
11,Child,154,2,2,14.6,9.1,9.4,1230,1100,10.56910569,2,33.16802737,66.33605475,1,77,77,50.13912376,50.13912376,-1.45561,0.56830,0.85394
11,Child,64,2,3,16.5,8.6,6.3,821,773,5.846528624,1,43.74172933,43.74172933,1,6,6,43.74172933,43.74172933,-1.73150,0.09194,1.68484
11,Child,101,3,1,15.8,10.7,3.5,584,255,56.33561644,17,41.57936759,709.6763406,8,10.75,86,40.99174429,327.9339543,0.18357,-1.16136,0.63991
11,Child,134,4,1,16.6,8.8,4.7,977,375,61.6171955,25,40.2009439,1039.259045,11,13.54545455,149,43.79206229,481.7126852,1.06761,-1.73442,0.65535
11,Child,129,5,1,15.9,9.8,3.8,636,100.6,84.18238994,18,47.85650827,866.3581543,4,44.75,179,48.53220571,194.1288228,0.40426,0.33205,-0.62295
11,Child,278,5,2,11.7,9.1,6.2,1042,530,49.13627639,12,42.00177226,532.585962,7,42.85714286,300,48.16049372,337.123456,0.25727,-0.29136,1.11384
12,Child,94,1,1,14.7,9.5,7.6,1027,791,22.97955209,10,48.19646516,406.5762873,3,23.66666667,71,49.67828563,149.0348569,-0.72978,0.25173,1.34908
12,Child,26,1,2,12.5,10.7,6.4,454,306,32.59911894,5,35.58621261,185.0528787,3,30.66666667,92,42.70802828,128.1240848,-1.09217,-0.30650,0.74653
12,Child,69,2,1,13.9,7.4,6.2,495,134.4,72.84848485,11,45.25594383,463.4159861,3,15.66666667,47,43.96183306,131.8854992,-0.51307,0.00659,-0.13280
12,Child,156,2,2,17.1,10.7,6.5,1289,454,64.77889837,20,39.53798896,872.4051078,10,43.8,438,48.67449071,486.7449071,1.26678,-0.93531,0.82209
12,Child,67,2,3,15.3,12.4,7.1,813,452,44.40344403,9,43.57325151,388.7378951,2,54.5,109,55.61432788,111.2286558,-0.61879,0.76683,0.49340
12,Child,99,3,1,10.2,9.4,7.2,754,628,16.71087533,5,50.45124106,241.4411328,3,24.66666667,74,45.04370482,135.1311145,-1.02632,0.40949,1.74553
12,Child,104,3,2,13.4,8.3,5.5,658,520,20.97264438,5,42.24987505,194.534134,1,17,17,44.6838367,44.6838367,-1.41094,0.11132,0.97441
12,Child,115,5,1,13.7,9.1,3.1,433,282,34.87297921,8,39.00826955,327.5570219,5,12.8,64,45.31910099,226.595505,-0.71050,-0.63822,1.19875
12,Child,255,5,2,15.2,11.6,9.2,1136,507,55.36971831,24,42.93688983,1080.301408,14,18.35714286,257,47.06749127,658.9448778,1.59889,-1.84132,1.71753
13,Child,130,1,1,11.2,7.1,4.9,491,197,59.87780041,8,41.59738363,324.7147896,0,0,0,0,0,-1.54344,-1.07608,-1.28516
13,Child,169,1,2,12.2,8.8,8.6,736,169.3,76.99728261,13,45.03009131,576.3147156,2,25.5,51,45.40878986,90.81757971,-0.43293,0.22375,-0.61396
13,Child,159,2,1,14.8,8.9,8.1,686,266,61.2244898,12,39.82365246,507.2081412,2,20.5,41,36.08154207,72.16308414,-0.76070,-0.36123,-0.58776
13,Child,312,2,2,13.8,9.6,9.6,1084,255,76.47601476,16,40.35241404,631.5442827,7,34,238,40.78064575,285.4645203,0.35354,-0.64686,-0.07146
13,Child,188,2,3,15.4,9.2,5.7,853,310,63.65767878,15,41.24984073,638.3365985,8,20,160,41.14798994,329.1839195,0.24363,-0.94769,0.56235
13,Child,354,3,1,12.4,9.5,8.1,1057,425,59.79186377,20,45.07326423,906.9808742,14,30.42857143,426,45.01421867,630.1990614,1.62180,-1.38570,1.84986
13,Child,215,3,2,17.5,9.3,7.4,990,259,73.83838384,21,46.58363426,1072.363345,4,30.5,122,50.75178644,203.0071458,0.46271,-0.04388,-0.54537
13,Child,192,3,3,10.7,8.4,6.6,545,259,52.47706422,5,46.39441715,224.3308981,1,51,51,56.10298827,56.10298827,-0.94850,1.15825,0.46142
13,Child,364,4,1,15.5,10.8,7.6,1165,811,30.38626609,17,39.31952983,731.0719952,10,15.6,156,47.16199873,471.6199873,0.44833,-1.46015,1.81778
13,Child,204,4,2,10.7,7.5,6.3,439,191,56.49202733,11,34.15744794,349.8340798,6,19.16666667,115,34.47697823,206.8618694,-0.50991,-1.11599,0.15948
13,Child,226,4,3,15.2,9.1,6,783,163.1,79.16985951,16,45.32000866,722.6931435,6,36.83333333,221,42.89301356,257.3580813,0.38480,-0.19650,-0.14535
13,Child,372,5,1,18.5,12.2,6.7,1282,111.7,91.28705148,39,41.61195554,1790.068296,14,39,546,50.1966418,702.7529852,3.11764,-1.86454,-0.06751
13,Child,217,5,2,16.2,7.2,5.6,625,186.3,70.192,18,37.14909873,734.798219,5,19.2,96,45.32069673,226.6034837,0.04995,-0.82181,-0.38934
13,Child,236,5,3,12.5,10.5,8.9,791,101.9,87.11757269,13,47.22535759,625.4694551,4,62.5,250,48.62100284,194.4840113,0.26530,0.72064,-0.43875
14,Child,133,1,1,11.2,9.8,4.6,527,441,16.31878558,5,39.02433602,195.1216801,0,0,0,0,0,-1.98280,-1.28564,-0.16190
14,Child,172,1,2,16.1,11.4,4.6,938,527.3,43.78464819,10,46.47275416,466.6390569,6,35.66666667,214,46.95063298,281.7037979,-0.08054,-0.02207,1.28554
14,Child,313,2,1,15.8,10.7,9.4,1030,758.9,26.32038835,10,43.77045248,421.6174166,6,33.5,201,44.25024722,265.5014833,-0.29743,-0.30517,1.52809
14,Child,162,2,2,11.6,10.9,6.9,696,343.9,50.58908046,5,56.65053219,326.3425323,3,62.66666667,188,78.19546788,234.5864036,-0.11355,2.08579,1.93160
14,Child,189,2,3,18.6,8.9,4.8,761,328.1,56.88567674,14,45.43679399,646.954184,4,14.25,57,49.62469952,198.4987981,-0.22672,-0.17320,0.40359
14,Child,194,3,1,14.4,9.2,5.4,629,438.4,30.30206677,9,56.27437039,505.9224985,5,14.4,72,55.72753538,278.6376769,-0.28847,0.45609,2.15824
14,Child,358,3,2,20.1,9.8,10.7,1136,266.7,76.52288732,9,59.88682987,468.8354667,2,52.5,105,59.49026004,118.9805201,-0.20217,1.82648,0.42936
14,Child,228,4,1,13.7,9.6,8,809,538.6,33.42398022,11,38.93989064,460.5456023,6,23.83333333,143,43.70137623,262.2082574,-0.35126,-0.72891,1.13039
14,Child,365,4,2,16.5,13.7,12.2,1222,572.4,53.15875614,19,43.96582183,874.0893018,10,37,370,49.81028742,498.1028742,1.13460,-0.80983,1.36738
14,Child,238,5,1,14.3,12.2,5.9,985,213.5,78.3248731,16,41.15764882,664.4660662,7,47.85714286,335,48.52172759,339.6520932,0.66937,-0.26184,0.15151
14,Child,234,5,2,14.7,9.1,5.6,563,222,60.56838366,10,44.00435594,441.3764318,2,72.5,145,47.80498085,95.60996171,-0.45520,0.88000,-0.25700
14,Child,373,5,3,14.9,10.2,9.4,1098,683,37.79599271,12,47.71070523,569.3706894,5,46.8,234,51.73280026,258.6640013,0.01697,0.32607,1.22005
15,Child,139,1,1,12.5,7.9,7.4,585,395,32.47863248,6,47.8917268,187.6347205,3,13.5,27,52.52870127,57.10664162,-1.08067,0.43499,1.31477
15,Child,174,1,2,14.7,10.3,5.6,920,838,8.913043478,2,56.63960241,113.2792048,1,59,59,63.72356234,63.72356234,-1.16451,1.93554,2.20339
15,Child,314,2,1,14.1,13.6,6.4,1064,224,78.94736842,22,46.23014697,1040.580742,6,23.66666667,142,50.95024777,305.7014866,0.73739,-0.39739,-0.20488
15,Child,163,2,3,12.9,8.6,4,507,432,14.79289941,2,43.25552726,86.51105452,0,0,0,0,0,-2.09949,-0.97001,0.22540
15,Child,191,3,1,16.1,13.5,5.5,899,314,65.07230256,7,47.36171654,342.9411885,1,18,18,38.43557529,38.43557529,-1.01273,0.34330,-0.20042
15,Child,359,3,1,18.9,11.9,6.4,1181,231,80.44030483,17,50.81685626,870.7815647,5,47.8,239,48.62052519,243.1026259,0.58054,0.43288,-0.16509
15,Child,219,3,2,13.7,7.6,5.3,738,204,72.35772358,20,40.47064858,808.8988387,7,22.14285714,155,39.94084037,279.5858826,0.40072,-0.97519,-0.23937
15,Child,5,3,3,13.6,8.2,4,491,106,78.4114053,6,43.91424578,261.7430832,2,116,232,48.88656779,97.77313558,-0.35038,1.66929,-0.61167
15,Child,207,4,1,18,8.4,4.1,662,127.2,80.78549849,11,45.14225214,497.743006,3,27.66666667,83,43.96401971,131.8920591,-0.37408,0.18511,-0.40596
15,Child,366,4,2,14.1,11.6,9.5,1037,188,81.8707811,16,45.53355865,753.4217305,6,51.66666667,310,59.67091823,358.0255094,0.81654,0.34073,0.34247
15,Child,229,4,3,13.1,12.6,5.1,749,116.6,84.43257677,21,40.47701681,913.719135,7,36.85714286,258,47.77902471,334.453173,0.85156,-0.62016,-0.37113
15,Child,374,5,1,15.2,12.6,8.9,1133,374,66.99029126,17,49.3100786,808.981335,2,90.5,181,56.05198984,112.1039797,0.21072,1.38876,-0.59809
15,Child,239,5,2,13.6,12.4,3.9,750,227,69.73333333,14,49.86572938,652.5058735,2,37.5,75,49.51564031,99.03128062,-0.26033,0.67693,-0.30413
15,Child,237,5,3,10.3,9.6,5.7,549,150,72.67759563,13,39.50253438,520.0249652,6,30,180,40.59631352,243.5778811,-0.01120,-0.57309,-0.02142
16,Child,175,1,1,12.5,11.3,8.5,849,706,16.84334511,3,46.52148464,139.5644539,1,5,5,27.76414092,27.76414092,-1.67712,-0.16973,0.99447
16,Child,140,1,2,16.2,9.8,3.6,535,392.9,26.56074766,3,39.80160763,195.1125356,1,9,27,37.85385634,113.561569,-1.42916,-0.30641,0.89239
16,Child,165,2,1,11.6,7.6,5.3,638,502.2,21.28526646,7,39.15343439,283.2193382,4,25.75,103,48.29873183,193.1949273,-0.83582,-0.28411,1.41607
16,Child,197,2,2,14.2,8.1,7.3,971,720.6,25.78784758,8,51.82153546,393.0525831,4,9,36,45.33551484,181.3420594,-0.75910,0.08833,1.66374
16,Child,221,3,1,15.4,8.1,5.3,986,787.4,20.14198783,9,40.59744948,376.524498,5,14.8,74,44.29834169,221.4917085,-0.72365,-0.62786,1.48695
16,Child,360,3,2,17.4,14.7,7.4,1030,498.7,51.58252427,14,46.74700975,660.4846169,5,28.2,141,44.72081534,223.6040767,-0.05577,-0.14285,0.55926
16,Child,367,4,1,17.1,12.7,9.4,1269,832.9,34.36564224,11,50.4929179,553.1443776,5,42.8,214,56.57618805,282.8809403,0.01805,0.52640,1.64102
16,Child,208,4,2,13.2,8,6.8,498,415.3,16.6064257,4,29.66601717,113.4965151,0,0,0,0,0,-2.14230,-1.76062,-0.43072
16,Child,230,4,3,14.3,11.2,5.5,951,712.3,25.09989485,7,46.05046132,386.4854711,4,22.16666667,133,36.72756773,220.3654064,-0.71558,-0.26625,1.35725
16,Child,246,5,1,19.8,8.7,3.5,650,237.3,63.49230769,14,51.29347351,726.1881368,5,19.2,96,54.58134025,272.9067012,0.15519,0.19470,0.79090
16,Child,375,5,2,15.2,13.9,6.8,1291,780,39.5817196,12,45.34511323,540.1619274,4,75.5,302,58.16783052,232.6713221,0.10229,0.86019,0.94095
16,Child,182,5,3,11.6,11.5,8.7,955,395.8,58.55497382,21,38.75265791,864.8222218,8,26.375,211,45.55476463,364.4381171,0.64269,-1.11276,0.36279
17,Child,300,1,1,13.4,9.6,6.9,1140,411.1,63.93859649,17,42.50450927,798.4803513,7,49.14285714,344,59.32936924,415.3055847,0.89385,-0.09159,0.83139
17,Child,180,1,2,12.3,11,6.3,714,190.8,73.27731092,9,48.4183436,385.0761596,1,82,82,65.60149821,65.60149821,-0.41030,1.85110,-0.15865
17,Child,320,2,1,13,12.1,7.9,1182,350.2,70.37225042,11,47.02016586,527.9803412,3,190,570,56.01962148,168.0588644,0.70784,2.72236,-0.58403
17,Child,199,2,2,13.6,10.2,10.1,970,302.2,68.84536082,23,46.4057657,1039.128222,7,15.42857143,108,43.40218728,303.815311,0.63652,-0.82223,-0.04305
17,Child,167,2,3,14.3,6.4,7.3,447,170.1,61.94630872,12,38.96178444,486.8621541,4,20.5,82,40.60794097,162.4317639,-0.47474,-0.52681,-0.09622
17,Child,361,3,1,17,14.7,7.3,1205,386.4,67.93360996,23,54.52843729,1206.579847,8,29.375,235,63.88863188,511.1090551,1.45812,0.00342,1.19531
17,Child,222,3,2,14.7,9.1,7.4,903,360.5,60.07751938,16,47.65655062,766.5904279,7,24.28571429,170,49.57108168,346.9975718,0.44070,-0.33684,0.87935
17,Child,198,3,3,10.6,9.5,6.1,466,222.1,52.33905579,9,50.77322405,453.4826614,5,16.2,81,47.29686905,236.4843453,-0.34085,0.11092,1.17000
17,Child,368,4,1,14.8,11.4,8.9,1019,220.3,78.38076546,23,46.22797238,1030.834036,7,30,210,50.70381402,354.9266982,0.96409,-0.44936,-0.02981
17,Child,231,4,2,13.1,9.8,7.3,901,135.2,84.99445061,19,49.55880192,924.5276811,6,67.5,405,56.60636457,339.6381874,1.16485,0.65052,0.01703
17,Child,242,4,2,13.3,8.9,6.9,776,252.1,67.5128866,14,48.81566059,687.0071199,3,32.66666667,98,56.98078002,170.9423401,-0.04560,0.57854,0.16337
17,Child,209,4,3,14.8,8.2,3.4,446,111,75.11210762,9,43.0394333,378.7577727,1,32,32,45.90514229,45.90514229,-0.80222,0.45018,-0.59815
17,Child,252,5,1,14.7,11,5.5,658,146.6,77.72036474,12,42.1910706,527.828947,2,20.5,41,38.63477654,77.26955308,-0.60309,-0.11736,-0.82573
17,Child,376,5,3,14.8,14.8,7.6,1241,108,91.29734085,33,43.5739892,1439.455601,13,48.30769231,628,54.27053983,705.5170178,2.86551,-1.22496,0.45264
18,Child,181,1,1,17.4,12.8,5.3,897,818.3,8.773690078,2,64.1415927,128.2831854,2,17.5,35,64.1415927,128.2831854,-1.07619,1.67783,2.99652
18,Child,177,2,1,14.7,6.6,6.3,641,171.2,73.29173167,7,41.40480563,303.23242,4,11,44,48.89087411,195.5634964,-0.59524,-0.16876,0.36369
18,Child,203,2,2,13.9,11.4,7.6,969,927.2,4.31372549,2,51.77494374,103.5498875,2,8,16,51.77494374,103.5498875,-1.40019,0.57949,2.35940
18,Child,214,3,1,12.9,8.4,5.3,728,711.5,2.266483516,0,0,0,0,0,0,0,0,-2.66935,-3.34248,-0.98729
18,Child,348,3,2,15.1,8.6,9.2,1146,1021,10.90750436,6,56.55164477,333.3330075,3,20,60,51.90075611,155.7022683,-0.87236,0.76483,2.24171
18,Child,377,5,1,16.4,12.1,6.2,1256,951,24.28343949,15,44.49126701,672.3696411,6,16.5,99,46.95454566,281.7272739,-0.14226,-0.63978,1.40445
18,Child,244,5,2,12.8,10.6,6.6,902,670.1,25.70953437,6,54.22821141,323.570085,5,41,205,53.77841554,268.8920777,-0.32631,0.77935,2.24554
19,Child,145,1,1,10.2,5.9,8.9,564,321.2,43.04964539,9,38.90853604,355.9347934,3,14.33333333,43,45.26601656,135.7980497,-0.85847,-0.37663,0.51742
19,Child,305,1,5,13.4,11.8,6.4,1032,688.9,33.24612403,15,53.01331241,773.3554128,5,7.6,38,47.24611821,236.230591,-0.15181,-0.16212,1.28689
19,Child,178,2,1,8.6,8.2,8.3,630,434.4,31.04761905,4,49.87402463,199.4960985,2,35,70,56.68674709,113.3734942,-0.97011,0.97852,1.50602
19,Child,205,2,2,15.5,10.2,6.6,796,318,60.05025126,10,49.98171028,446.4587992,1,119,119,56.65149823,56.65149823,-0.36276,2.11908,-0.31821
19,Child,200,3,1,11.9,9.8,4.6,531,197.1,62.88135593,10,41.06772143,349.4831704,1,21,21,53.76817736,53.76817736,-0.85155,0.32774,-0.14491
19,Child,223,3,2,12.3,9.7,7.2,713,249.9,64.95091164,9,49.890223,449.012007,3,50.66666667,152,52.84306163,158.5291849,-0.26887,0.94644,0.40317
19,Child,362,3,3,14.9,11.7,9.8,1102,1001.6,9.110707804,4,23.26189786,106.2607095,2,20.5,41,36.47501589,72.95003178,-1.67185,-1.19694,0.59193
19,Child,257,5,1,12.9,7.5,5.4,465,334.3,28.10752688,7,39.48952669,275.5777584,0,0,0,0,0,-1.80676,-1.27699,-0.55189
19,Child,245,5,2,11.8,11.8,9.1,914,740.6,18.97155361,7,46.73197787,322.0729419,5,16.6,83,45.04834349,225.2417174,-0.73572,-0.19917,1.88114
19,Child,378,5,3,14.9,14.3,6.1,1226,566.3,53.8091354,13,44.25735676,589.1789076,6,28,168,53.47728288,320.8636973,0.13557,-0.19436,1.03784
20,Child,150,1,1,11.9,5.7,7.2,573,454,20.76788831,2,52.66179476,105.3235895,2,48,96,52.66179476,105.3235895,-1.09610,1.24058,1.80987
20,Child,306,1,2,12.6,7.8,7.4,1170,667,42.99145299,15,37.48078343,636.7830599,10,36.6,366,47.17785757,471.7785757,0.70662,-1.10746,1.55199
20,Child,183,1,3,16.3,9.7,5.7,706,388,45.04249292,9,42.91741196,458.494073,5,28.2,141,58.68347662,293.4173831,-0.19341,0.04099,1.38140
20,Child,337,2,3,16.3,13.7,5.9,1044,316,69.73180077,17,37.42799635,716.2288749,8,64.125,513,50.14522766,401.1618212,1.04292,-0.36548,0.38793
20,Child,202,3,1,12.5,9.8,6.3,693,365.1,47.31601732,14,45.28394507,647.337463,9,20,180,48.74597877,438.7138089,0.43100,-0.77034,1.66781
20,Child,224,3,2,14.6,9.5,6.7,966,567,41.30434783,13,43.1371698,578.660278,4,33.25,133,50.5309894,202.1239576,-0.25910,-0.03459,0.70418
20,Child,363,3,3,17.9,12.1,5.1,1111,474,57.33573357,35,54.04343364,1350.354463,8,27.5,220,57.47708304,459.8166643,1.66003,-0.47024,0.58596
20,Child,216,4,1,12.4,10,4.9,591,388,34.34856176,14,39.60792209,559.2537715,3,7,21,43.91684233,131.750527,-0.70587,-0.65100,0.41132
20,Child,371,4,1,16.2,12.5,7.8,1189,593.1,50.11774601,19,45.82908427,899.7346211,10,37.1,371,54.85467752,548.5467752,1.24976,-0.65445,1.72577
20,Child,235,4,2,14.8,9.3,7.9,946,354,62.57928118,23,40.07659848,1028.185315,12,29.16666667,350,50.40851428,604.9021713,1.55207,-1.47236,1.24001
20,Child,259,5,1,10.3,8.2,6.1,531,291.5,45.10357815,6,43.04782218,235.8803978,2,60.5,121,54.25108983,108.5021797,-0.77828,0.88824,0.60586
20,Child,247,5,2,15.2,9.2,7.1,831,116,86.04091456,11,40.47013343,467.0244609,3,37.66666667,113,39.94791647,119.8437494,-0.39009,0.00497,-0.85742
20,Child,379,5,3,14.3,12.8,9.3,1281,1175,8.274785324,4,23.5568431,94.2273724,0,0,0,0,0,-2.25856,-2.12375,-0.45574
21,Adult,280,1,1,13.9,7.1,5.8,632,184.2,70.85443038,15,46.57875211,644.4943383,4,32,128,47.6479542,190.5918168,-0.00561,0.13135,-0.06487
21,Adult,382,1,2,18.1,10.7,9.4,1250,596,52.32,17,46.090323,695.5694894,3,66.66666667,200,57.64482031,172.9344609,0.13456,0.78919,0.13317
21,Adult,352,2,1,17.2,9.4,7.3,848,386,54.48113208,14,45.51505408,654.1602409,6,24,144,52.5215686,315.1294116,0.16408,-0.23552,0.96766
21,Adult,289,2,2,10.8,10.1,5,567,211.1,62.76895944,9,39.58329003,354.5854223,4,26.5,106,41.24747796,164.9899119,-0.57334,-0.29847,0.10699
21,Adult,384,2,3,14.1,9.7,5.6,1152,222,80.72916667,14,53.16799948,703.1619817,2,87,174,57.81611232,115.6322246,0.18403,1.73255,-0.51480
21,Adult,345,3,1,12.4,9.6,6.6,642,89.5,86.05919003,10,46.29044614,477.9706608,6,26.5,159,47.99977684,287.998661,0.10073,0.00370,0.35892
21,Adult,276,3,1,12.6,10.9,5.4,537,312,41.89944134,8,46.87033545,398.9906435,4,39.75,159,57.62618458,230.5047383,-0.32807,0.55502,1.34781
21,Adult,186,3,2,16.5,10.5,9,836,114,86.36363636,24,41.58259098,953.6481201,6,30.33333333,182,42.78784636,256.7270782,0.68094,-0.69352,-0.90581
21,Adult,383,3,3,15.4,13.1,6.7,1300,199,84.69230769,11,44.8678633,460.9731868,4,67.25,269,55.20974987,220.8389995,0.19230,0.86390,-0.09473
21,Adult,227,4,1,12.4,11.1,7.5,1105,312,71.76470588,20,39.11775305,706.8406482,3,33.66666667,101,42.24714291,106.9016744,-0.12382,-0.34661,-1.05080
21,Adult,72,4,2,17.3,10.5,3.2,584,189,67.6369863,10,38.7990025,415.8205358,2,32,96,46.37261315,139.1178394,-0.58700,0.01439,-0.29459
21,Adult,90,4,3,13.2,9.7,7.4,855,212,75.20467836,16,45.12850564,684.6835028,2,134.5,269,46.8304218,93.66084361,0.23187,1.61670,-1.32678
21,Adult,324,5,1,13.6,13.3,6.6,1057,77,92.71523179,19,43.26836185,780.7246054,4,112,448,53.70126,214.80504,0.93792,1.16262,-1.13067
21,Adult,95,5,2,10.6,12.5,5.8,664,141.3,78.71987952,10,64.42938579,550.0609594,2,93,186,97.36158388,194.7231678,0.50525,3.43786,1.27573
21,Adult,343,5,3,16.5,12.6,5.8,780,70,91.02564103,20,40.98272992,792.5502972,3,20,60,55.36571092,166.0971328,0.15078,-0.12234,-0.97591
22,Adult,380,1,1,18.5,9.2,7.6,1244,310,75.08038585,25,47.03171546,1227.619461,12,26.66666667,320,55.10250197,661.2300237,1.92457,-1.12237,1.24528
22,Adult,328,1,2,14.6,7.6,4.2,473,104.4,77.92811839,9,47.52820208,407.9407536,2,11,22,47.43488568,94.86977136,-0.66176,0.34076,-0.13432
22,Adult,153,2,1,16.1,11.3,11.9,1286,220,82.89269051,30,51.63011696,1379.190647,6,44,264,54.24426551,325.465593,1.47622,0.03037,-0.58966
22,Adult,346,2,2,16,12.4,5.8,699,226,67.66809728,15,45.24149279,466.7062574,3,50.66666667,152,51.43152545,154.2945763,-0.14319,0.54464,-0.13237
22,Adult,333,2,3,13.8,13.4,6.4,836,237,71.6507177,25,44.43292866,966.7876007,7,41.85714286,293,49.12367826,343.8657478,1.02582,-0.44361,-0.08268
22,Adult,316,3,2,9.7,9.6,7.4,729,308,57.75034294,11,42.7004487,491.2269498,7,29.71428571,208,45.63436686,319.440568,0.07716,-0.43333,0.95196
22,Adult,387,3,3,16.6,15.2,11.3,1284,157,87.77258567,18,49.03292579,844.220989,6,56,336,55.428205,332.56923,0.97068,0.48020,0.02503
22,Adult,347,4,1,13,9.8,10.2,788,295,62.56345178,13,54.35866505,571.4709726,1,44,44,65.94576181,65.94576181,-0.32809,1.52964,0.27163
22,Adult,332,4,2,12.2,11.1,5,479,199.2,58.41336117,12,35.93697575,437.9655041,6,20.83333333,125,42.77629344,256.6577606,-0.26172,-0.87826,0.38499
22,Adult,369,4,3,18.4,8.6,7.1,1262,200.6,84.10459588,24,40.16300274,1114.993354,11,43.72727273,481,52.75953211,580.3548532,1.89239,-1.03553,0.50640
22,Adult,98,5,1,12.2,9.7,4.7,817,185,77.35618115,18,45.2357404,846.8343148,12,35.58333333,427,50.66757167,608.01086,1.55951,-0.87410,1.41506
22,Adult,173,5,2,18.2,12.2,6.9,1164,179,84.62199313,16,55.02372469,892.9304553,6,63.83333333,383,62.30675993,373.8405596,1.16311,1.06771,0.59907
22,Adult,206,5,3,10.1,7.4,6.4,449,136.5,69.59910913,14,45.4468065,602.2022226,4,12.25,49,44.79094258,179.1637703,-0.25445,-0.24087,-0.01018
23,Adult,329,1,1,13.9,9.9,6.7,550,155,71.81818182,7,42.57092452,303.0325016,1,64,64,52.39295145,52.39295145,-0.75606,1.03841,-0.43788
23,Adult,342,1,2,13.4,10.4,6.5,726,168,76.85950413,9,67.88899009,731.5415179,2,57,114,44.73228096,89.46456192,-0.09382,1.93010,0.12404
23,Adult,273,1,3,17.3,13.4,4.8,1121,415,62.9794826,7,48.3728544,347.1095856,2,99,198,52.81839561,105.6367912,-0.36236,1.67963,0.02506
23,Adult,308,2,1,10.3,9.2,7.8,940,129,86.27659574,16,47.10861157,705.0822801,3,61,183,47.70344523,143.1103357,0.17728,0.69746,-0.85428
23,Adult,292,2,2,13.1,11.8,4.3,493,70,85.80121704,13,48.3779552,629.9970523,6,35.66666667,214,51.14006401,306.8403841,0.42709,0.21213,0.30580
23,Adult,261,2,3,13.5,12.3,6,869,499,42.57767549,7,52.99109789,386.5171019,3,74.33333333,223,68.57051457,205.7115437,-0.14388,1.75218,1.51251
23,Adult,355,3,1,12.6,10.5,10.8,561,95.3,83.01247772,10,62.9374605,667.7465972,6,43.33333333,260,82.12345662,492.7407397,1.02346,1.73014,2.13458
23,Adult,266,3,2,12.7,9.6,7.4,771,76.1,90.12970169,14,77.97498631,1032.233604,4,82.75,331,137.3911911,549.5647644,2.09923,4.39522,3.12144
23,Adult,381,3,3,14.6,8.9,6.6,1118,534.2,52.21824687,12,47.46379579,553.1841339,6,45.5,273,48.38590232,290.3154139,0.20159,0.17350,1.00512
23,Adult,157,4,1,11.1,8.3,7.2,952,131.4,86.19747899,20,44.85781859,930.9867953,7,46.42857143,325,52.40562877,366.8394014,1.06600,-0.13201,-0.06777
23,Adult,298,4,2,15.8,8.6,4.3,519,88,83.04431599,8,49.80171648,409.5938489,2,67.5,135,54.76300491,109.5260098,-0.29484,1.42152,-0.24064
23,Adult,370,4,3,15.2,12.9,5.2,1043,594.3,43.02013423,4,55.25354352,212.2624388,1,173,173,59.62941116,59.62941116,-0.50445,3.29498,0.42359
23,Adult,254,5,1,11.3,10.1,4.6,529,96,81.85255198,11,44.62292054,501.4072945,3,47.33333333,142,46.49650219,139.4895066,-0.22380,0.48282,-0.47815
23,Adult,272,5,2,10.2,9.8,8.5,730,111,84.79452055,17,45.80872638,794.828368,3,39.66666667,119,55.43754958,166.3126487,0.19902,0.45143,-0.62660
23,Adult,88,5,3,16.6,10.6,7.7,1037,95,90.83895853,16,43.20663994,674.1171204,3,84.33333333,253,55.42851563,166.2855469,0.37712,0.99151,-0.97764
24,Adult,413,1,1,17.4,11.5,4.8,741,80.9,89.08232119,28,39.1314433,753.7139946,7,35.28571429,247,47.69926304,333.8948413,0.93149,-0.80264,-0.70771
24,Adult,421,2,1,15.6,8.2,10.1,943,642,31.91940615,9,38.18544231,344.0462457,3,30,90,38.05968735,114.1790621,-0.92634,-0.39469,0.46149
24,Adult,321,2,2,12.2,9.8,4.2,430,151.6,64.74418605,10,39.96417619,388.9489136,1,9,9,37.14398803,37.14398803,-1.01722,-0.28501,-0.60281
24,Adult,299,3,1,12.1,9.2,6,913,235.4,74.21686747,16,41.16097102,637.5508361,3,44.66666667,134,52.98102639,158.9430792,-0.02725,0.23138,-0.51347
24,Adult,476,3,1,20.6,9.1,6.8,1257,248.1,80.26252983,19,35.6639093,819.9986382,3,55.33333333,166,56.92181489,170.7654447,0.25920,0.07429,-1.03883
24,Adult,431,3,2,17.3,11.7,8.9,1254,174,86.12440191,25,45.48150107,1106.733915,5,33.4,167,51.55729953,257.7864976,0.83936,-0.21257,-0.81223
24,Adult,285,3,3,12.3,11.3,5.3,584,105.7,81.90068493,16,37.63317645,604.9899775,5,29.4,147,45.49135468,227.4567734,0.07964,-0.52839,-0.51730
24,Adult,479,4,2,17.8,13.8,4.3,898,210,76.61469933,14,52.51338487,641.5099342,2,12,24,57.94433292,115.8886658,-0.23712,0.70227,0.01702
24,Adult,449,4,3,14.3,9.6,5.8,554,122,77.97833935,11,46.02117465,474.961192,3,67,201,56.30055363,168.9016609,-0.02151,1.03171,-0.12551
24,Adult,439,5,1,17.9,7.7,5.5,597,56.4,90.55276382,16,45.14649613,701.7957432,6,25,150,51.23658753,307.4195252,0.44627,-0.18358,-0.05060
24,Adult,471,5,2,13.7,9.2,7,828,461,44.3236715,8,42.49957195,344.3233557,2,36.5,73,41.41787694,82.83575387,-0.91220,0.17886,0.23257
24,Adult,465,5,3,14.4,12.7,7.3,1051,102,90.29495718,27,50.09239886,1153.436461,11,51,561,50.01557383,550.1713122,2.18046,-0.44681,0.44730
25,Adult,287,1,1,11.8,9.5,5.3,641,307,52.10608424,7,49.3489582,318.13809,2,88,176,58.45049731,116.9009946,-0.43034,1.68157,0.55085
25,Adult,283,1,2,12.5,11.5,4.7,705,185.3,73.71631206,16,48.38031261,772.2203103,6,39.16666667,235,48.11550402,288.6930241,0.51154,0.06888,0.24992
25,Adult,250,1,3,14.2,12.7,10,1262,244,80.66561014,7,50.90787782,356.3551448,0,0,0,0,0,-1.34315,-0.47337,-1.39689
25,Adult,100,2,1,13,9.4,7,768,318,58.59375,8,59.3718169,491.9161639,4,51.75,207,66.22799831,264.9119932,0.13578,1.62684,1.59367
25,Adult,241,2,2,13.2,10.9,9.1,1073,313,70.82945014,15,41.6865501,628.5519395,6,56.66666667,340,49.81770556,298.9062334,0.51493,0.03532,0.19204
25,Adult,307,2,3,13.4,10.8,3.9,482,387.2,19.66804979,1,56.32772775,56.32772775,1,82,82,56.32772775,56.32772775,-1.15238,2.11429,1.69336
25,Adult,212,3,1,15.8,8.6,6.3,624,135.1,78.34935897,15,43.85594827,643.9716698,4,41.5,166,53.82068286,215.2827314,0.16000,0.26778,-0.18839
25,Adult,388,3,2,14.7,9.7,8.4,1187,194.5,83.61415333,16,42.99938351,633.9599979,3,55.66666667,167,48.40239732,145.207192,0.05635,0.42074,-0.85395
25,Adult,138,3,3,13.9,9.1,4.9,711,99,86.07594937,14,43.1014893,558.500122,2,129.5,259,57.15268231,114.3053646,0.22873,1.78320,-1.18300
25,Adult,123,4,1,11.4,9.4,8.5,565,126,77.69911504,10,34.00101328,343.3868688,2,9,18,31.43326918,62.86653836,-0.97152,-0.79836,-1.07074
25,Adult,389,4,2,14.6,13.8,6.5,1049,188,82.07816969,12,48.30926322,591.3429871,5,88.4,442,56.01859159,280.092958,0.71006,1.19997,0.16615
25,Adult,344,4,3,11.2,12.2,5.2,713,220,69.14446003,13,38.69286132,472.080985,4,7,28,31.95277144,127.8110857,-0.62404,-0.89722,-0.52073
25,Adult,386,5,1,16.6,12.4,6.6,1138,169,85.14938489,22,38.97640542,951.423411,7,68.85714286,482,47.97939781,335.8557847,1.24776,-0.23970,-0.61049
25,Adult,291,5,2,17.1,11.3,6,923,177,80.82340195,23,47.43138404,1006.781208,2,33,66,58.59012709,117.1802542,0.30956,0.45819,-0.97194
25,Adult,302,5,3,14,8.8,5.6,671,185,72.42921013,9,44.66788699,389.3345302,2,44,88,45.07591372,90.15182743,-0.59990,0.55293,-0.35120
26,Adult,323,1,1,12.1,10.8,5.7,597,275,53.93634841,6,42.02289304,252.1373582,3,42,126,45.22392462,135.6717739,-0.74395,0.29947,0.42639
26,Adult,271,1,2,16.3,10,5.2,801,100,87.51560549,16,32.29158668,563.5836681,3,31.66666667,95,38.36315879,115.0894764,-0.31848,-0.68195,-1.48283
26,Adult,220,1,3,13.2,7.8,6.6,1288,359.5,72.08850932,10,38.75276255,370.6701318,2,275,550,46.40195063,92.80390125,0.46284,3.31176,-1.84497
26,Adult,338,2,1,12.6,9.4,5.8,564,104.9,81.40070922,8,53.47321828,379.6161098,1,58,58,69.33287139,69.33287139,-0.39562,1.95995,0.12553
26,Adult,108,2,2,13.1,13.7,7.6,1266,1087.5,14.09952607,7,39.29704251,269.4493274,2,25,50,51.99875961,103.9975192,-1.13873,0.01548,1.26034
26,Adult,249,2,2,15.1,8.1,5.2,813,101,87.57687577,13,44.80928725,577.8315264,4,134.5,538,56.33989925,225.359597,0.83475,1.77050,-0.59998
26,Adult,282,3,1,13.9,12.2,4.1,639,95.3,85.08607199,12,46.25589165,565.1006144,0,0,0,0,0,-1.09871,-0.86700,-2.01300
26,Adult,218,3,2,13.1,9.2,7.4,795,230,71.06918239,12,44.17265787,550.631691,1,11,11,41.12770709,41.12770709,-0.74641,0.00987,-0.68726
26,Adult,385,3,3,15.3,10.9,7.3,1080,91,91.57407407,22,43.26683709,926.445063,1,45,45,44.29630773,44.29630773,0.00728,0.25400,-1.97005
26,Adult,146,4,1,14.2,11.3,11.2,1147,162,85.87619878,21,49.91724535,991.9240141,2,39.5,79,50.88003573,101.7600715,0.25252,0.57043,-1.15379
26,Adult,335,4,2,14,9,6.9,622,126,79.74276527,9,40.29517566,351.4698351,1,21,21,36.09083981,36.09083981,-0.94302,-0.05191,-0.97415
26,Adult,277,4,3,14.8,11.2,7.6,999,141.2,85.86586587,24,46.08394148,1052.567141,5,50.2,251,53.18407225,265.9203612,0.94863,0.12745,-0.72348
26,Adult,326,5,1,11.9,12.7,6.7,707,169,76.09618105,11,40.53458183,448.8773794,2,21.5,43,41.36333126,82.72666253,-0.67028,-0.09994,-0.68980
26,Adult,264,5,2,9.1,8.5,6,507,68,86.5877712,18,42.4140931,728.8416678,4,40,160,55.80406055,223.2162422,0.34073,0.15608,-0.54014
26,Adult,294,5,3,16.8,11.4,6.5,1008,77.5,92.31150794,28,42.10904873,1113.135418,7,31.14285714,218,47.78357112,334.4849979,1.15655,-0.77871,-0.88453
27,Adult,168,1,1,11.9,7.2,9.2,789,401,49.17617237,7,41.35707226,297.9126944,3,67.33333333,202,49.81164032,149.4349209,-0.51989,0.65853,0.44941
27,Adult,151,1,2,16,10.8,9.8,1226,905,26.18270799,9,50.48135051,440.441102,3,54.66666667,164,52.53609143,157.6082743,-0.47745,0.88661,1.30589
27,Adult,136,2,1,13.2,9.9,5.7,723,109,84.92392808,7,44.22910338,303.061102,4,54.75,219,45.02690767,180.1076307,-0.23287,0.56691,-0.13058
27,Adult,210,2,2,14.6,13.2,10.9,1229,103.4,91.58665582,35,43.13471703,1391.969735,6,36.16666667,217,48.1914369,289.1486214,1.42278,-0.73582,-1.51832
27,Adult,322,2,3,13.5,8.9,7.9,522,130,75.09578544,14,40.89610942,559.1432753,3,24.66666667,74,48.32696413,144.9808924,-0.29787,-0.09350,-0.44920
27,Adult,35,3,1,15.1,13.8,8.8,1143,102.9,90.99737533,27,40.74261079,1015.308206,7,42.14285714,295,44.8700843,314.0905901,1.12397,-0.69626,-0.95407
27,Adult,327,3,2,16.3,8.4,8.2,854,80,90.6323185,14,42.43946579,577.8488257,3,51,153,46.83023537,140.4907061,-0.04009,0.37241,-0.94507
27,Adult,339,3,3,9.8,6.4,6.4,402,90,77.6119403,13,34.44096661,502.1808673,8,28.125,225,44.10475709,352.8380567,0.27866,-1.02419,0.24585
27,Adult,66,4,1,13.3,10.2,9.2,1167,137,88.260497,22,38.1987132,918.5996142,7,69,483,48.09319117,336.6523382,1.24213,-0.25879,-0.68742
27,Adult,253,4,2,14.4,7.5,6.1,838,173.6,79.28400955,18,44.85022395,864.8433259,10,38.4,384,52.61130094,526.1130094,1.34070,-0.58141,0.96446
27,Adult,293,4,3,10.5,8.1,7.3,588,163,72.27891156,12,36.21607168,436.3314548,1,98,98,49.73642563,49.73642563,-0.50363,0.93147,-1.24843
28,Adult,425,1,1,16.3,10,8.7,941,436,53.66631243,11,43.61697775,479.7867553,0,0,0,0,0,-1.38724,-1.08680,-1.28472
28,Adult,319,2,1,13.2,8.2,5.8,699,234,66.52360515,10,40.9306364,418.8253197,1,24,24,39.74076695,39.74076695,-0.90416,0.02261,-0.65142
28,Adult,427,2,2,15.4,15,4.9,782,199,74.55242967,9,51.01518495,466.9790867,5,77.2,386,58.85760701,294.2880351,0.47813,1.30595,0.79167
28,Adult,371,2,3,15.8,9.3,8.7,1218,371,69.54022989,8,45.82908427,899.7346211,5,37.1,371,54.85467752,548.5467752,0.80581,0.01909,1.22832
28,Adult,514,3,1,15.8,10.4,7.8,1269,360,71.63120567,18,52.09553002,943.6734389,10,55,550,55.07247932,550.7247932,1.70384,0.07561,1.44607
28,Adult,510,3,2,17.7,10.9,6.7,909,468,48.51485149,9,43.28208156,389.0730439,4,18.25,73,43.74777168,174.9910867,-0.63114,-0.22069,0.67702
28,Adult,536,4,1,15.1,14.5,5.8,1147,748,34.7863993,12,42.1874289,506.8788195,5,15.8,79,41.87259258,209.3629629,-0.48827,-0.61137,0.91232
28,Adult,552,4,2,13.2,8.9,7.6,753,181,75.96281541,11,47.29213695,501.3830684,3,70.33333333,211,47.12280164,141.3684049,-0.08990,0.93663,-0.33876
28,Adult,531,5,1,17.2,11.2,7.4,1208,293,75.74503311,18,57.81350765,943.8686179,7,38.28571429,268,73.71632166,482.8509878,1.29061,0.85630,1.52686
28,Adult,551,5,2,13.2,8.5,8.5,911,372,59.16575192,11,46.41828938,494.3275186,4,70,280,51.84284427,207.3713771,0.05390,0.81734,0.41667
28,Adult,524,5,3,12.4,9.1,5.6,548,284,48.17518248,7,55.48676537,391.6539388,3,36.33333333,109,52.24018412,156.7205524,-0.49794,1.03925,1.18018
29,Adult,392,1,1,15.4,8.5,9.4,1104,132.3,88.01630435,19,41.03862237,781.3571481,0,0,0,0,0,-0.81132,-1.33935,-2.70135
29,Adult,411,1,2,17.8,15.9,5.5,935,170.1,81.80748663,12,54.22830415,610.3703951,2,123.5,247,61.99075127,123.9815025,0.30484,2.43823,-0.44725
29,Adult,409,2,1,14.6,10.9,5.9,820,99,87.92682927,20,45.85116791,913.04543,5,17.4,87,47.13558224,235.6779112,0.40576,-0.35233,-0.59814
29,Adult,397,2,2,16.2,11.4,7.8,1286,168.6,86.88958009,15,44.74460295,713.5625795,7,79.57142857,557,51.59975862,361.1983103,1.15579,0.51011,0.10944
29,Adult,297,2,3,11.7,10.3,3.3,498,189.5,61.94779116,13,39.89505381,531.9936768,4,30.5,122,45.11959502,180.4783801,-0.28318,-0.27441,-0.03188
29,Adult,430,3,1,17.1,16.2,6.6,1025,196.4,80.83902439,18,45.93339795,797.5688879,2,29.5,59,41.5032177,83.00643541,-0.15497,0.09664,-1.14369
29,Adult,290,3,2,9.1,10.4,6.5,609,69,88.66995074,10,42.70434001,424.6810373,0,0,0,0,0,-1.24905,-0.97430,-2.06008
29,Adult,420,3,2,17.8,9.9,5.5,755,111.3,85.25827815,15,47.61617596,672.4707179,0,0,0,0,0,-0.94040,-0.87857,-2.15573
29,Adult,489,4,1,14.6,11.1,5.1,747,124,83.40026774,12,49.21023576,572.863469,0,0,0,0,0,-1.07722,-0.71204,-1.86657
29,Adult,470,4,2,16.9,12,10.6,1248,109.5,91.22596154,12,45.12096404,534.5301201,1,238,238,46.37073425,46.37073425,0.20342,3.19668,-2.34037
29,Adult,447,4,3,13.3,9.4,6.3,566,112.7,80.08833922,12,43.14955792,522.2285719,1,6,6,41.47077668,41.47077668,-0.73421,-0.06268,-0.87954
29,Adult,486,5,1,16.8,12.6,5.8,1184,123.2,89.59459459,5,52.62889838,259.5301864,1,35,35,56.24320387,56.24320387,-0.70523,1.42695,-0.09117
29,Adult,467,5,2,15.8,9.5,5.3,906,134.4,85.16556291,22,43.35784202,723.2857503,1,11,11,53.4527373,53.4527373,-0.19115,0.06443,-1.25129
29,Adult,446,5,3,14.5,8.5,8.3,666,59.5,91.06606607,14,41.51954474,581.1615898,3,33.66666667,101,40.67182428,122.0154728,-0.21740,-0.04681,-1.08737
30,Adult,457,1,1,15.2,12.4,4.5,576,193.6,66.38888889,18,42.31758156,761.7164681,9,22.22222222,200,43.05371847,387.4834662,0.61760,-1.02125,0.61927
30,Adult,460,1,2,17.3,9.9,4.8,720,230,68.05555556,12,62.39913231,799.3240075,2,50.5,101,56.08232984,112.1646597,0.01006,1.68687,0.30519
30,Adult,497,1,3,15.4,12.1,6.5,1190,1126,5.378151261,3,53.77148661,161.3144598,3,13.33333333,40,53.77148661,161.3144598,-1.13392,0.64350,2.58739
30,Adult,512,2,1,18.9,14.4,4.9,914,168.2,81.59737418,14,64.64072343,1045.630933,1,36,36,52.91898971,52.91898971,0.05289,1.61580,-0.40892
30,Adult,505,2,2,14.7,8.1,6.6,693,360,48.05194805,14,40.20947806,521.9929138,4,44.5,178,47.03277457,188.1310983,-0.21719,-0.08998,0.26622
30,Adult,535,3,1,16.5,12.2,8.4,1073,257,76.04846226,14,48.05142665,652.3551761,3,34.33333333,103,52.75370224,158.2611067,-0.06168,0.50871,-0.17732
30,Adult,554,3,2,16.8,11,6,852,352,58.68544601,11,42.50502373,431.0563069,5,29,116,45.86761172,183.4704469,-0.34102,-0.15886,0.41791
30,Adult,520,3,3,14.3,8.7,4.2,697,164.4,76.41319943,17,85.06795742,1560.99369,4,35,140,102.2229922,408.8919688,1.70234,3.15644,2.33917
30,Adult,533,4,1,18.1,11,7.4,1156,280,75.77854671,22,47.22121608,957.7797303,6,40.33333333,242,55.32991842,331.9795105,0.90408,-0.00708,0.05787
30,Adult,556,4,2,12.6,11.4,6.9,980,262,73.26530612,20,45.70985426,870.3084011,6,30.83333333,185,45.79860291,274.7916175,0.53430,-0.35073,-0.11918
30,Adult,528,4,3,13.4,7.5,7.2,677,223,67.0605613,16,36.69222412,591.3493554,5,33.2,166,45.11862238,225.5931119,0.00221,-0.58381,-0.22709
30,Adult,563,5,1,12.9,12.7,8,1037,262,74.73481196,26,41.06509301,1064.103736,12,29.66666667,356,40.19464281,482.3357138,1.51772,-1.54959,0.32844
30,Adult,567,5,2,12.6,7.7,6.5,973,447,54.05960946,20,40.86192062,809.4443586,8,18.5,148,42.81043406,342.4834725,0.43054,-1.14508,0.53301
31,Adult,315,1,1,13.4,8.8,5.7,621,267.3,56.95652174,9,43.04214378,382.7928025,3,26.33333333,79,54.18537387,162.5561216,-0.54925,0.25146,0.53754
31,Adult,395,1,2,16.4,12.7,7.8,1200,384.2,67.98333333,13,45.06572174,584.0793525,4,125.75,503,52.1792913,208.7171652,0.60967,1.50331,-0.23016
31,Adult,402,2,1,17.6,10.7,7.2,1276,223.3,82.5,13,45.02279843,665.9965132,7,61.71428571,432,56.37618763,394.6333134,0.93055,0.37074,0.58209
31,Adult,412,2,2,17.1,11.5,4.4,734,193.5,73.63760218,13,44.25333067,583.8126529,5,21.2,106,45.81082048,229.0541024,-0.06628,-0.24010,0.10746
31,Adult,330,2,3,11.6,6.8,7.8,602,347.6,42.25913621,8,30.65113698,282.6857938,2,24.5,49,44.04483744,88.08967489,-1.09938,-0.56770,0.01003
31,Adult,317,3,1,12.3,11.2,6.4,710,208.3,70.66197183,16,40.75356993,678.2143686,3,32.33333333,97,38.16969452,114.5090835,-0.26871,-0.30078,-0.85168
31,Adult,433,3,2,13.3,9.8,7.9,1090,181.7,83.33027523,21,49.41138162,1026.627324,6,25,150,47.81762263,286.9057358,0.72354,-0.21885,-0.25782
31,Adult,2,3,3,10.6,5.6,6.3,408,148.9,63.50490196,9,46.22070603,416.8192826,3,18,54,51.15203072,153.4560922,-0.54506,0.26343,0.43553
31,Adult,484,4,1,15.4,13.3,5.3,807,196.1,75.70012392,14,48.17738494,676.2919421,4,38,152,51.622016,206.488064,0.12438,0.41463,0.00249
31,Adult,458,4,2,13.6,7.1,4.7,593,128.4,78.34738617,14,38.73961575,545.7914838,4,32,128,35.30275245,141.2110098,-0.27431,-0.47973,-0.83108
31,Adult,490,4,3,17,11.4,7.8,1255,113.3,90.97211155,21,47.80569912,973.2684742,3,157,471,60.43863355,181.3159007,1.22729,2.17172,-1.42418
31,Adult,498,5,1,14.3,11.4,7.5,1139,152,86.65496049,22,45.62790364,921.241126,5,59.4,297,52.77754728,263.8877364,0.88798,0.30359,-0.64708
31,Adult,459,5,2,17.7,9.9,7.4,876,85.5,90.23972603,22,44.71063434,903.3901466,4,46.25,185,46.45897115,185.8358846,0.52395,0.07002,-1.14284
31,Adult,445,5,3,14.2,6.9,4.4,587,75.3,87.17206133,15,41.77860577,682.4437122,3,31.66666667,95,49.30201334,147.90604,-0.06288,0.06517,-0.82414
32,Adult,424,1,1,14.8,11,7.7,883,270.2,69.3997735,21,41.00735281,944.3790413,7,33.71428571,236,50.26093869,351.8265708,0.79186,-0.65972,0.08807
32,Adult,309,1,2,13.3,11.2,4.6,566,231,59.18727915,5,38.11237991,205.4764724,1,5,5,16.76827031,16.76827031,-1.50867,-0.79528,-0.71295
32,Adult,398,1,3,14.9,13.7,8.2,1201,641.8,46.561199,14,50.22063363,706.9594376,5,52.8,264,49.80684997,249.0342498,0.25369,0.47177,0.84913
32,Adult,419,2,1,12.7,11,9.4,987,198.7,79.86828774,16,51.38549822,838.1203225,8,55.25,442,54.52101068,436.1680854,1.24477,0.36264,0.85122
32,Adult,349,2,2,12.9,7,10.8,589,295.5,49.83022071,8,32.5163231,279.0977842,5,11.4,57,37.3298147,186.6490735,-0.83230,-1.10294,0.36442
32,Adult,406,2,3,14.3,13.9,7.8,1170,267.8,77.11111111,25,41.5472495,1089.860586,10,44.3,443,51.59278111,515.9278111,1.68804,-0.88637,0.40260
32,Adult,432,3,1,15.5,12.7,6.9,1024,256.1,74.99023438,16,48.33961673,776.955115,3,82.66666667,248,53.43252559,160.2975768,0.36105,1.12499,-0.53056
32,Adult,60,3,2,12.8,6.9,3.9,408,175.7,56.93627451,8,39.42886795,336.3336653,5,25,125,43.93137003,219.6568502,-0.48624,-0.38633,0.59426
32,Adult,351,3,3,12.1,11.6,7.4,751,129.8,82.71637816,19,46.52760128,833.535921,2,56.5,113,53.39945189,106.7989038,0.15853,0.73469,-1.05099
32,Adult,462,4,1,15.6,13.2,5.7,743,262.5,64.67025572,19,39.97707982,753.998624,4,13.5,54,41.48332859,165.9333143,-0.14046,-0.74931,-0.51495
32,Adult,463,4,2,18.4,9.9,7.3,1189,200.9,83.10344828,26,45.10981377,1170.227537,10,30.6,306,41.38792962,413.8792962,1.42867,-1.07079,-0.13776
32,Adult,441,4,3,13,10.6,5.3,431,111.1,74.22273782,16,40.67040042,632.1174371,4,15.25,61,46.53326052,186.1330421,-0.15583,-0.45765,-0.35725
32,Adult,442,5,1,15.2,10.7,7.4,643,68.3,89.37791602,22,33.35364215,747.2271945,8,33,264,41.59735906,332.7788725,0.74219,-1.24703,-0.71000
32,Adult,493,5,2,15.1,9.7,8.3,926,180.1,80.55075594,16,40.27921267,675.9663611,10,47.7,477,44.77906386,447.7906386,1.12147,-0.69554,0.58189
32,Adult,474,5,3,16.4,10.9,7.6,1276,303.5,76.21473354,25,39.62058539,1027.632697,9,49.77777778,448,43.74374797,393.6937317,1.38527,-0.89109,-0.20594
33,Adult,350,1,1,12.9,10.8,7.1,653,124.1,80.99540582,11,46.16865523,531.7160131,5,47.6,238,58.09905804,290.4952902,0.30290,0.56337,0.43505
33,Adult,428,1,2,17.5,11.9,7.3,968,153.1,84.1838843,18,44.85207907,775.3734848,5,61.4,307,45.62557394,228.1278697,0.59020,0.26036,-0.61917
33,Adult,403,1,3,14.3,13.3,7.4,1283,338.4,73.624318,15,46.17078317,678.221726,3,23.33333333,70,45.15309613,135.4592884,-0.20293,0.05589,-0.41993
33,Adult,391,2,1,15.8,7.4,8.5,1128,55.5,95.07978723,17,44.04538833,731.9814272,2,40.5,81,48.66548316,97.33096631,-0.02987,0.38936,-1.32879
33,Adult,418,2,1,17.2,11.5,5.3,717,102.2,85.74616457,7,50.98082796,358.4422373,0,0,0,0,0,-1.31118,-0.45116,-1.51400
33,Adult,279,2,3,11.7,8.6,5.2,586,20.4,96.51877133,22,37.99392984,843.644034,3,37,111,49.6417263,148.9251789,0.27685,-0.21029,-1.58952
33,Adult,288,3,1,13.3,13.2,5.7,899,50.8,94.34927697,20,46.39826541,876.1276614,2,185.5,371,53.17629539,106.3525908,0.88512,2.45014,-2.11914
33,Adult,434,3,2,15.9,14.8,7.3,1152,117,89.84375,26,45.01087862,1126.045627,5,42.2,211,50.19741298,250.9870649,0.95134,-0.14876,-1.05425
33,Adult,128,3,3,12.7,8.8,7.9,691,53.3,92.28654124,19,47.3938958,742.3244742,1,140,140,63.0865111,63.0865111,0.35373,2.26324,-1.68629
33,Adult,451,4,1,16.3,12.9,4.2,686,67.1,90.21865889,17,42.77251042,755.9542626,2,13,26,47.24823891,94.49647782,-0.19936,-0.10258,-1.16516
33,Adult,464,4,2,16.1,10.4,8.2,1031,131.7,87.22599418,25,43.14371619,1068.484901,8,46.25,370,50.96536293,407.7229034,1.42013,-0.50076,-0.26621
33,Adult,472,4,3,14.9,9.5,5.8,826,86.5,89.52784504,16,41.19530835,663.3867445,6,45.66666667,274,45.4571192,272.7427152,0.49637,-0.19376,-0.44448
33,Adult,455,5,1,15.3,10.4,5.8,673,67.5,89.97028232,14,45.33526452,611.1478016,3,29,87,49.9782697,149.9348091,-0.09298,0.28794,-0.63420
33,Adult,475,5,2,17.4,13.8,6.2,1117,54.2,95.1477171,24,44.26919528,984.5754337,3,65.33333333,196,53.87565773,161.6269732,0.68267,0.53386,-1.50988
33,Adult,485,5,3,16.5,15.4,5.9,980,49.4,94.95918367,15,47.8918214,621.0415127,1,21,21,65.20147073,65.20147073,-0.19824,0.92453,-0.72308
34,Adult,356,1,1,13.1,8.8,5.6,641,80,87.51950078,17,41.46577369,656.8907144,5,26.6,133,49.19253096,245.9626548,0.23272,-0.29867,-0.43686
34,Adult,423,1,2,16.1,12.5,6.3,928,316,65.94827586,21,42.91154845,917.0274418,7,29.85714286,209,50.60056988,354.2039891,0.73457,-0.61331,0.28496
34,Adult,390,1,3,17.1,13,9.8,1165,893,23.34763948,5,47.16114072,234.101854,1,8,8,47.72909058,47.72909058,-1.33173,0.33712,1.21059
34,Adult,400,2,1,12.7,9.4,7.9,1112,223,79.94604317,15,54.12487592,797.2593564,5,80.4,402,59.03566611,295.1783305,0.92958,1.34336,0.32113
34,Adult,341,2,2,8.5,8.7,5.1,453,358,20.97130243,7,32.17215264,240.612291,1,8,8,28.37729971,28.37729971,-1.59897,-0.99932,0.12449
34,Adult,414,2,3,13.2,10.5,7,920,147,84.02173913,20,44.32379843,860.2212514,7,52.42857143,367,48.69958464,340.8970925,1.01090,-0.12318,-0.15754
34,Adult,51,3,1,15.7,15.2,6.9,1219,144,88.18703856,26,44.64392931,1188.908898,13,51.84615385,674,52.14770222,677.9201288,2.53499,-0.93334,0.89389
34,Adult,274,3,2,14.5,12.6,5.7,735,124.2,83.10204082,24,46.58965047,1111.018551,6,35.5,213,53.5810278,321.4861668,1.01587,-0.19710,-0.36257
34,Adult,295,3,3,11.2,8.9,5.2,503,136,72.96222664,11,42.96024887,450.0478707,1,37,37,63.64087742,63.64087742,-0.54205,0.86438,-0.26059
34,Adult,468,4,1,13.3,8.6,8.9,757,222,70.67371202,15,45.74806253,729.7114055,11,28.90909091,318,50.22909734,552.5200708,1.09834,-0.77842,1.54516
34,Adult,450,4,2,15,8.6,4.8,597,123,79.39698492,15,38.55446576,556.7781267,2,50,100,47.68996739,95.37993478,-0.29823,0.21714,-1.05727
34,Adult,491,4,3,15.4,7.9,7.4,1149,9,99.21671018,11,48.24740242,428.1312107,1,17,17,50.67800992,50.67800992,-0.53887,0.69320,-0.86517
34,Adult,488,5,1,15.7,10.4,6.1,979,138.1,85.89376915,30,42.49594962,1289.88045,14,31.85714286,446,52.04972911,728.6962075,2.45122,-1.63964,0.88357
34,Adult,448,5,2,16.7,8.5,4.3,496,109.8,77.86290323,16,39.52585962,647.6658444,9,18.55555556,167,47.15190484,424.3671436,0.56299,-1.06251,0.58933
34,Adult,482,5,3,17.8,11.8,4.8,1019,69.2,93.20902846,25,50.05445688,1253.838343,13,35.30769231,459,52.53137796,682.9079135,2.32916,-0.89814,1.01432
35,Adult,357,1,1,11.2,8.6,7.1,563,156,72.29129663,11,38.5422522,425.2234344,7,30.14285714,211,38.96180562,272.7326393,-0.01800,-0.69930,0.23407
35,Adult,393,1,2,12.3,8.9,9.1,1001,53,94.70529471,14,39.67913678,554.0933563,4,65.25,261,39.89933564,159.5973426,0.13435,0.19136,-1.19051
35,Adult,417,1,3,15.1,10.3,7.1,938,74,92.1108742,13,42.83493294,544.6968738,3,108.6666667,326,49.87422881,149.6226864,0.30492,1.28241,-1.10778
35,Adult,251,2,1,14.9,8.7,7.3,817,103,87.39290086,19,42.93924006,815.2561919,6,44,264,52.8591472,317.1548832,0.76618,-0.09481,-0.26786
35,Adult,318,2,2,19,8.8,7.2,1001,104,89.61038961,30,38.17325471,1121.013579,7,42.71428571,299,45.53456311,318.7419417,1.25360,-0.91017,-1.18433
35,Adult,303,2,3,9.5,7.6,9.4,652,84.5,87.0398773,20,41.77171023,838.1012608,11,25.63636364,282,46.8526783,515.3794613,1.23428,-1.16230,0.58201
35,Adult,416,3,1,14.1,8.7,8.4,903,37,95.90254707,17,44.099659,789.9032389,6,60.5,363,51.73253042,310.3951825,0.90325,0.27149,-0.43016
35,Adult,269,3,2,11.3,9.7,9,574,70,87.80487805,16,40.65052529,670.1173094,6,16.66666667,100,47.64564981,285.8738988,0.23497,-0.62244,-0.23728
35,Adult,435,3,3,15.8,12.1,7.7,1256,77.7,93.81369427,39,32.51899236,1385.051713,10,23.3,233,38.90006653,389.0006653,1.69438,-2.19491,-1.62842
35,Adult,481,4,1,16,8.2,6.6,709,31,95.62764457,17,49.8484393,859.0977755,3,33.33333333,100,55.74600875,167.2380262,0.30502,0.61810,-0.72578
35,Adult,453,4,2,13.8,8.4,5.4,600,42.1,92.98333333,25,35.41183981,947.0601898,5,22.4,112,39.85303819,199.2651909,0.43574,-1.08658,-1.60913
35,Adult,466,4,3,15.3,12.7,8.4,1128,149,86.79078014,15,42.00778168,635.2946932,4,62.5,250,42.31673094,169.2669238,0.19557,0.26065,-0.91939
35,Adult,331,5,1,15.1,7.5,5.4,796,86.1,89.18341709,20,35.5878396,734.3501764,8,27.25,218,37.1960317,297.5682536,0.55442,-1.24037,-0.69770
35,Adult,495,5,2,17.4,9.8,4.6,1153,5.3,99.54032958,27,41.21283277,1108.889452,13,41.92307692,545,46.74258362,607.6535871,2.23794,-1.30986,0.22992
35,Adult,456,5,3,14.1,7.8,5.9,453,106,76.6004415,9,37.65430206,335.4034034,4,14.75,59,35.46588766,141.8635506,-0.67854,-0.63193,-0.40767
36,Adult,415,1,1,14.9,8.5,7.3,817,70.2,91.40758874,10,44.09956333,415.4687184,3,163.6666667,491,50.48129204,151.4438761,0.48932,2.20801,-1.10308
36,Adult,404,1,2,11.5,8.7,10.8,1290,267.2,79.28682171,19,37.19300263,781.3085547,5,57,285,43.58782558,217.9391279,0.45666,-0.30482,-0.89144
36,Adult,336,1,3,14.2,7.2,5.5,433,372,14.08775982,2,45.23259266,90.46518533,1,13,13,44.41977456,44.41977456,-1.58392,0.27921,1.45376
36,Adult,422,2,1,11.5,11.1,8.1,706,222,68.55524079,6,46.50052694,296.1826624,4,89.5,358,55.09027731,220.3611092,0.03836,1.34708,0.54337
36,Adult,340,2,2,10.6,8.6,5.9,581,281.8,51.49741824,7,47.35407854,344.2225541,4,42.25,169,60.0980828,240.3923312,-0.27805,0.73636,1.28587
36,Adult,405,2,3,15,6.5,7.7,1184,79.8,93.26013514,19,42.64310228,745.0545618,4,59.25,237,44.59225766,178.3690306,0.41714,0.21209,-1.18982
36,Adult,426,3,1,11.4,8,6.6,703,116,83.49928876,14,47.16669162,640.1803971,4,48.25,193,54.48777779,217.9511112,0.24905,0.59907,-0.15032
36,Adult,438,3,2,14.5,9.8,6.6,1065,204,80.84507042,21,54.30850189,965.0729265,4,35,140,66.36443807,265.4577523,0.73542,0.81606,0.13565
36,Adult,353,3,3,8.6,7.9,4.3,419,46,89.02147971,12,41.58710335,473.5014498,1,9,9,37.75252182,37.75252182,-0.74894,-0.15306,-1.22753
36,Adult,477,4,1,13,12.4,8.3,1228,112.4,90.84690554,22,39.59575524,851.1529442,4,31.5,126,39.28269741,157.1307896,0.25215,-0.55023,-1.47941
36,Adult,483,4,2,14.3,12.5,5.7,864,106.7,87.65046296,21,48.20079962,931.7190926,3,70.33333333,211,54.62080018,163.8624005,0.60104,0.88126,-1.03400
36,Adult,444,4,3,13.4,7.9,4.3,479,113.5,76.30480167,7,38.24113305,263.6102529,3,46,138,46.87119921,140.6135976,-0.57003,0.24013,-0.25802
36,Adult,492,5,1,19.7,11.6,5.4,1262,161.7,87.18700475,23,37.49796024,925.3415638,6,85,510,49.6837802,298.1026812,1.24168,0.04662,-0.97644
36,Adult,461,5,2,16.2,13.1,5.1,780,29.5,96.21794872,15,46.13667184,678.2768809,5,67.8,339,43.3238636,216.619318,0.55704,0.50861,-0.77438
36,Adult,452,5,3,11.5,11.4,7.2,631,50.9,91.93343899,19,34.53334516,618.9140684,6,24.5,147,39.8504151,239.1024906,0.21101,-1.01697,-0.97161
37,Adult,454,1,1,12.6,11.4,6.3,605,112,81.48760331,19,38.42658799,734.7636287,8,25.25,202,44.81350152,358.5080121,0.61556,-1.00261,-0.04748
37,Adult,480,1,2,14,10.3,8.3,828,232,71.98067633,21,41.12898031,858.8679151,7,44,308,42.90806642,300.3564649,0.75022,-0.59007,-0.23605
37,Adult,478,1,3,15.6,10.6,8.7,1213,372,69.33223413,16,49.58218304,782.2999352,1,41,41,49.33706632,49.33706632,-0.28180,0.74530,-0.72531
37,Adult,506,2,1,14.1,7.5,6.8,524,86,83.58778626,15,39.3289173,596.69846,10,22,220,40.6818574,406.818574,0.59464,-1.17295,0.43091
37,Adult,513,2,2,14.3,9,8.1,761,109,85.67674113,16,36.48286843,565.7110523,5,74,370,39.48534218,197.4267109,0.36391,-0.03898,-1.02170
37,Adult,396,2,3,12.4,10.7,7.1,1237,670,45.8367017,11,43.13523766,531.9737027,6,43.16666667,259,58.48426021,350.9055613,0.21325,0.08434,1.42556
37,Adult,532,3,1,16.1,11.6,8.5,1268,254,79.96845426,27,42.52384591,1153.925951,10,37.9,379,45.53583756,455.3583756,1.59222,-1.06526,-0.01595
37,Adult,523,3,2,10.9,8.4,6.2,608,171,71.875,18,41.8641745,753.555141,9,32.33333333,291,47.73042487,429.5738238,0.86400,-0.79364,0.65921
37,Adult,550,3,3,12.6,9,7.8,779,296,62.00256739,9,37.28349799,334.9499571,5,18,90,36.68197322,183.4098661,-0.60939,-0.74614,0.13439
37,Adult,546,4,1,14.5,11.1,8.4,955,340,64.39790576,14,40.9075165,569.5236902,8,22.25,178,39.31674613,314.533969,0.17208,-0.92032,0.53397
37,Adult,522,4,2,12.1,8.1,4.4,544,122,77.57352941,12,38.16975908,462.6784306,8,23.375,187,39.68847472,317.5077977,0.12685,-0.93241,0.28445
37,Adult,172,4,3,15.2,11.8,6.6,1267,172,86.4246251,30,46.47275416,466.6390569,20,35.66666667,214,46.95063298,281.7037979,1.45384,-1.33394,0.85068
37,Adult,560,5,1,16.3,10,6.3,1188,99,91.66666667,29,40.55142608,1189.695454,14,42.14285714,590,45.93197674,643.0476744,2.43478,-1.55199,0.43573
37,Adult,573,5,2,10.5,7.3,6.2,690,120,82.60869565,14,40.40747145,580.8558855,10,38.1,381,42.93268564,429.3268564,0.84513,-0.79891,0.61556
37,Adult,571,5,3,11.7,9.3,7.2,761,95,87.51642576,17,53.89744868,800.0274517,10,46.2,462,47.77056774,477.7056774,1.42505,0.04674,0.95740
38,Adult,440,1,1,13.4,8.4,7.4,613,191,68.84176183,7,54.36158094,357.5252069,2,75,150,62.03020082,124.0604016,-0.28669,1.91790,0.49618
38,Adult,270,1,2,11.8,8.6,7.6,723,198.3,72.57261411,12,41.70352562,510.8229801,1,148,148,48.24832692,48.24832692,-0.24662,1.82729,-1.43249
38,Adult,473,1,3,13.7,8.7,7.2,1121,350,68.7778769,8,59.03391112,434.5658366,1,117,117,63.10328291,63.10328291,-0.23799,2.82113,0.08470
38,Adult,515,2,1,16.5,15.1,5.2,1169,238,79.64071856,21,47.83312844,1046.514075,7,65.28571429,457,59.23651891,414.6556324,1.46967,0.36158,0.28726
38,Adult,508,2,2,14.9,9.1,5.8,614,116,81.10749186,14,44.2634038,618.8710884,0,0,0,0,0,-1.05456,-1.04537,-2.11119
38,Adult,487,2,3,12.3,8.2,5.2,823,179.5,78.18955043,6,44.40785715,255.421304,1,76,76,47.16431686,47.16431686,-0.76317,1.22655,-0.64952
38,Adult,507,3,1,13.6,11.3,7.2,662,273,58.76132931,5,42.70478043,202.8930179,2,116,232,53.33566467,106.6713293,-0.49472,1.66545,0.00177
38,Adult,545,3,2,14.2,9.7,6.6,809,200,75.27812114,17,44.08587503,714.8441121,1,8,8,44.68619153,44.68619153,-0.46807,-0.07569,-0.98877
38,Adult,500,3,3,18.8,16.9,5.2,1123,202.3,81.98575245,13,39.22018472,496.290647,5,38,190,43.74410284,218.7205142,-0.00228,-0.26209,-0.36499
38,Adult,555,4,1,11.7,11.5,4.8,710,137.8,80.5915493,19,38.57055756,732.8607655,2,30.5,61,40.09373266,80.18746532,-0.24657,-0.33303,-1.46032
38,Adult,539,4,2,15.8,10.5,8.8,1285,143.5,88.83268482,23,50.54639221,1146.59024,4,86,344,54.39739694,217.5895878,1.13291,1.02596,-1.01673
38,Adult,519,4,3,12.9,7.4,5.2,642,115,82.08722741,10,48.51477496,493.7342713,6,65,390,52.8080358,316.8482148,0.55459,0.76582,0.55571
38,Adult,559,5,1,14.2,13.4,6.7,1065,154,85.5399061,21,47.74024975,1029.586849,8,40,320,56.91494703,455.3195762,1.34891,-0.16639,0.40016
38,Adult,572,5,2,17.5,11.1,6.8,956,135.4,85.83682008,14,45.3427236,621.2761201,6,56.66666667,340,52.10372876,312.6223726,0.63998,0.35569,0.11011
38,Adult,574,5,3,10.2,7.4,5.5,542,177,67.34317343,12,45.1008697,433.091594,2,68.5,137,58.35101643,116.7020329,-0.26971,1.11220,-0.13600
39,Adult,310,1,1,11.2,9.1,5.1,536,89.7,83.26492537,15,36.465945,510.140177,3,39,117,42.38898252,127.1669476,-0.27568,-0.24691,-1.06771
39,Adult,436,1,2,16.7,8.4,7.1,1012,444,56.12648221,20,41.23872625,750.6262514,5,51.6,258,48.9285125,244.6425625,0.39070,-0.15455,-0.01043
39,Adult,408,1,3,16.1,6.7,6.9,883,208.7,76.36466591,18,45.32563107,811.9334485,8,45.375,363,44.01632745,352.1306196,0.90282,-0.33870,0.23148
39,Adult,502,2,1,12.2,7.1,5.6,589,262,55.51782683,6,51.16144591,288.7411108,0,71,71,54.43029866,54.43029866,-0.82167,1.69129,0.22971
39,Adult,516,2,2,22.6,13.4,4.8,1173,603.7,48.53367434,12,53.67366403,647.9451661,7,45.14285714,316,55.60426292,389.2298405,0.57549,0.48271,1.78088
39,Adult,549,3,1,15.2,10.6,10.2,860,349,59.41860465,13,43.65871785,572.1399487,3,16.66666667,50,40.04294489,120.1288347,-0.52557,-0.26899,-0.15323
39,Adult,542,3,2,16.6,14.9,6.2,1233,284,76.96674777,24,48.82436518,1155.924879,7,59.28571429,415,51.62630659,361.3841461,1.42064,0.09833,-0.08277
39,Adult,526,3,3,12.7,10.2,4.3,512,92,82.03125,14,41.17468549,543.371341,3,38.66666667,116,51.76297848,155.2889355,-0.14143,0.21662,-0.55940
39,Adult,548,4,1,13.6,11.5,7.1,821,119,85.50548112,19,48.81283538,910.3108843,5,28,140,57.37932938,286.8966469,0.62101,0.17283,-0.07817
39,Adult,518,4,2,12.5,12,6.7,651,225.7,65.33026114,10,47.59557662,466.8770571,4,47,188,52.13493114,208.5397246,-0.10510,0.61448,0.49310
39,Adult,540,4,3,15.3,12.5,8.2,1245,139.1,88.82730924,16,45.58699578,720.5636959,7,76.28571429,534,50.00111405,350.0077983,1.14336,0.46483,-0.00026
39,Adult,562,5,1,15.7,9.5,6.3,1175,90,92.34042553,27,49.28457812,1196.00784,6,46.16666667,277,59.28484239,355.7090543,1.41496,0.16535,-0.48205
39,Adult,570,5,2,8.9,8.1,8.3,958,48.6,94.92693111,20,47.86966502,882.0478307,3,86.66666667,260,52.92216289,158.7664887,0.66243,1.10945,-1.27853
39,Adult,576,5,3,11.3,8.9,6.1,472,58,87.71186441,18,38.55245963,700.8680753,5,26.6,133,43.01611531,215.0805766,0.17629,-0.60855,-0.83420
40,Adult,469,1,1,13.4,6.5,7.1,716,411,42.59776536,12,40.9345154,531.0782131,7,25.57142857,179,43.69782119,305.8847483,-0.05419,-0.71263,1.11046
40,Adult,83,1,2,10.2,6.9,4.5,419,171.1,59.1646778,10,38.48362666,397.8393231,2,15.5,31,40.05624761,80.11249523,-0.88824,-0.35187,-0.30196
40,Adult,496,1,3,15.8,7.5,8.7,1211,434,64.16184971,18,48.03606602,843.3983008,6,40.66666667,244,47.31940631,283.9164378,0.55123,-0.03556,0.29799
40,Adult,511,2,1,16.2,9.7,6.4,846,128,84.86997636,11,47.58313492,516.1030441,3,86,258,54.89457489,164.6837247,0.15649,1.36276,-0.39310
40,Adult,501,2,2,17.3,14.1,6.8,1287,77.7,93.96270396,22,42.13305152,930.8606355,1,19,19,41.21128922,41.21128922,-0.10379,-0.20980,-1.99349
40,Adult,504,2,3,10.3,8.2,7.8,498,167.4,66.38554217,9,39.90089377,356.0650914,2,98.5,197,46.14830968,92.29661935,-0.43115,1.02487,-0.64337
40,Adult,525,3,1,14.8,7.7,6.6,651,155.2,76.15975422,18,44.78351298,801.1490719,5,53.2,266,50.72652962,253.6326481,0.55848,0.19996,-0.23983
40,Adult,547,3,2,16.4,10.8,8.4,931,106.5,88.56068743,21,49.22694606,1034.680594,6,81.16666667,487,55.40406839,332.4244103,1.41910,0.75834,-0.32734
40,Adult,538,3,3,12.5,11.6,7.8,1232,35.3,97.13474026,15,52.13599407,750.8198812,4,125,500,47.06955087,188.2782035,0.93193,1.80444,-0.99144
40,Adult,557,4,1,16.7,8.9,5.7,800,64,92,17,51.26328548,776.7182358,3,30.33333333,91,59.62098316,178.8629495,0.27123,0.74570,-0.40307
40,Adult,517,4,2,10.3,7.5,6.9,403,63.6,84.21836228,11,35.30094298,381.672827,2,17.5,35,36.38218141,72.76436281,-0.78087,-0.50761,-1.14952
40,Adult,537,4,3,15.7,14.7,8.2,1296,86,93.36419753,16,53.19634655,808.1641855,5,103.4,517,58.75261768,293.7630884,1.22499,1.64556,-0.18248
40,Adult,577,5,1,11.4,8.7,8.2,575,44.2,92.31304348,11,41.1935381,449.1774696,0,0,0,0,0,-1.19982,-1.07055,-2.25857
40,Adult,566,5,2,15.3,7.9,6.9,990,67,93.23232323,29,39.72705134,1119.660239,2,19.5,39,41.74514754,83.49029508,0.30487,-0.62999,-2.25773
40,Adult,561,5,3,12.8,12,6.2,1072,339,68.37686567,24,42.37005676,1027.487895,9,36.44444444,328,49.22281142,443.0053028,1.25796,-0.88052,0.39632
41,Adult,437,1,1,15.3,11.2,7.9,1201,299,75.10407993,19,44.99427079,871.6927751,7,65,455,48.93934971,342.575448,1.08773,0.09350,0.07555
41,Adult,494,1,2,13.6,12.3,7.6,932,188.1,79.81759657,9,40.97587855,362.6071863,4,81.75,327,47.15159925,188.606397,0.01900,0.73625,-0.31243
41,Adult,443,1,3,13.3,8.5,5.5,496,226.6,54.31451613,5,46.52759019,231.7375677,2,51.5,103,53.22646092,106.4529218,-0.77408,0.99260,0.58790
41,Adult,503,2,1,12.9,7.2,5.7,455,155.3,65.86813187,9,47.17485732,378.0190664,1,22,22,62.6930738,62.6930738,-0.70335,0.91309,0.25809
41,Adult,499,2,2,18.2,13.3,7.2,1154,262.4,77.26169844,22,49.75384301,958.0650655,1,77,77,67.94006051,67.94006051,0.32452,1.52476,-1.00627
41,Adult,429,2,3,15.7,8.5,4.9,773,139.2,81.99223803,18,45.24825142,746.5566782,2,119,238,56.56689265,113.1337853,0.38974,1.60608,-1.24672
41,Adult,541,3,1,16.1,11.4,9.9,1062,270.1,74.56685499,17,42.92777148,751.8213702,3,74.33333333,223,44.73252745,134.1975824,0.17154,0.51036,-0.96749
41,Adult,558,3,2,12.2,11.6,7,830,234.9,71.69879518,11,37.77661812,471.8429865,1,5,5,21.700929,21.700929,-1.07118,-0.83858,-1.30722
41,Adult,527,3,3,14.6,8.7,9.7,588,217.6,62.99319728,10,42.12993311,406.3481265,1,29,29,46.30982235,46.30982235,-0.84549,0.29913,-0.37989
41,Adult,553,4,1,13.8,12.8,6.9,863,221.9,74.28736964,8,39.40356314,332.6424603,0,0,0,0,0,-1.47317,-1.14614,-1.70971
41,Adult,530,4,2,13.4,8.3,5.3,541,166.4,69.24214418,8,47.73512895,354.8320084,2,23.5,47,52.62496497,105.2499299,-0.65846,0.63701,0.22423
41,Adult,534,4,3,16.9,9.8,7.8,1190,179.4,84.92436975,15,49.81088585,754.0796739,1,51,51,46.29606396,46.29606396,-0.22408,0.89968,-1.15847
41,Adult,578,5,1,10.6,7.5,8.3,640,136.4,78.6875,9,43.00964307,345.0980765,1,114,114,45.54607482,45.54607482,-0.52197,1.52083,-1.16181
41,Adult,564,5,2,13.4,11.2,10.4,1289,294,77.19162141,22,41.21040448,933.0787364,6,67,402,49.08540378,294.5124227,1.01018,-0.04488,-0.52007
41,Adult,568,5,3,18.9,9.4,7.2,866,77.1,91.09699769,17,36.37214429,700.1443795,1,6,6,24.2744421,24.2744421,-0.64410,-0.94887,-2.14362
42,Adult,579,1,1,15.8,7.9,7.1,472,110,76.69491525,6,39.05408874,314.8216843,2,40,80,44.46670195,88.93340391,-0.77499,0.27075,-0.48914
42,Adult,543,1,2,14.6,10.2,7.3,1156,120,89.61937716,15,51.32336799,736.9104195,3,124.3333333,373,51.48745293,154.4623588,0.65042,1.90218,-0.96444
42,Adult,596,2,1,15.3,12.7,4.1,1034,171,83.4622824,13,46.66700149,585.119317,1,65.5,131,49.0616351,98.1232702,-0.20287,1.02635,-0.92795
42,Adult,591,2,2,17.4,8.3,11.3,861,123,85.71428571,12,46.77440347,520.7188614,2,118.5,237,51.84615099,103.692302,0.07806,1.76833,-1.01509
42,Adult,586,2,3,14.5,9.2,5.6,476,154,67.64705882,12,39.49137805,431.768577,1,14,14,43.70417402,43.70417402,-0.84913,-0.13142,-0.66142
42,Adult,622,3,1,15.3,14.4,7,1278,86,93.27073552,23,46.07745209,1024.51902,3,58,174,47.23206478,141.6961943,0.56727,0.39400,-1.54385
42,Adult,601,3,2,13.5,8,8.7,620,115,81.4516129,17,41.05566992,658.8238851,1,34,34,39.96494585,39.96494585,-0.44637,0.01789,-1.48659
42,Adult,624,4,1,18.4,9.8,11.1,1182,209,82.31810491,17,46.63650127,809.8782383,5,40.2,201,53.99077003,269.9538502,0.52516,0.21764,-0.11012
42,Adult,611,4,2,15.6,11.7,6.2,934,263,71.84154176,12,39.14386531,458.9892455,3,79.66666667,239,40.27438831,120.8231649,-0.20997,0.44306,-0.81745
42,Adult,599,4,3,9.3,8.9,6.1,670,99,85.2238806,7,42.60962118,298.2673483,0,0,0,0,0,-1.42714,-0.90010,-1.78066
42,Adult,626,5,1,15.6,14.7,7.3,1278,87,93.19248826,15,50.61602527,719.3732959,3,94.33333333,283,45.75314396,137.2594319,0.40970,1.34730,-1.08077
42,Adult,613,5,2,14.3,12.8,5.3,795,88,88.93081761,20,41.97010751,825.2740561,2,72,144,44.86925073,89.73850147,0.16136,0.50165,-1.72522
42,Adult,606,5,3,12.5,11.8,3.5,413,87,78.9346247,17,29.08395965,622.097603,1,12,12,43.8896854,43.8896854,-0.63270,-0.83432,-1.62760
43,Adult,582,1,1,11.7,11.3,8.7,787,206.8,73.72299873,12,37.64964811,512.8957702,3,57.66666667,173,53.7545771,161.2637313,-0.15717,0.34188,-0.43695
43,Adult,575,1,2,19.4,10.6,5,647,80.8,87.51159196,16,33.26993547,568.0234555,3,45,135,41.16828357,123.5048507,-0.19532,-0.38650,-1.43305
43,Adult,580,1,3,16.7,13.2,6.5,1169,70,94.01197605,24,48.48236651,1084.066358,6,75.4,377,54.12146922,270.6073461,1.31937,0.58776,-0.82032
43,Adult,594,2,1,16.3,9,8.42,1262,103.3,91.81458003,21,48.50227663,929.2783845,3,121,363,61.09731071,183.2919321,1.00341,1.74595,-1.18456
43,Adult,592,2,2,14.4,8.2,9.6,969,109,88.75128999,10,47.12625537,454.1797536,3,89.33333333,268,51.0696981,153.2090943,0.08718,1.35114,-0.55213
43,Adult,587,2,3,14.1,8.4,5.2,686,88.3,87.12827988,21,41.79138357,883.4728376,3,27,81,48.61914836,145.8574451,0.18286,-0.18394,-1.19092
43,Adult,620,3,1,13.1,9.2,11,871,85.6,90.17221584,14,47.89602673,667.931689,4,115.25,461,52.11000878,208.4400351,0.76758,1.55097,-0.68776
43,Adult,607,3,2,10.4,7.9,6.7,582,187,67.86941581,8,42.20687933,334.1101558,2,68,136,45.75175817,91.50351634,-0.58931,0.76870,-0.37716
43,Adult,623,3,3,18.8,13,6.4,1165,114,90.21459227,34,40.38400778,1418.455092,3,13.66666667,41,37.31653665,111.94961,0.65207,-1.07099,-2.45552
43,Adult,617,4,1,15.5,9.9,8.8,807,37.7,95.3283767,16,44.25843944,663.6996472,4,71.5,286,46.05198693,184.2079477,0.42206,0.59160,-1.01374
43,Adult,629,4,2,18,12.9,6.3,1042,88,91.5547025,25,49.51383458,1199.690819,6,83.5,501,60.39128541,362.3477125,1.74342,0.78802,-0.47900
43,Adult,608,4,3,11.2,9.7,7.8,482,31,93.56846473,15,39.75489956,602.6939637,6,45.66666667,274,42.53287048,255.1972229,0.39986,-0.27587,-0.62186
43,Adult,598,5,1,11.1,8.7,6.1,473,93.4,80.25369979,18,33.47312187,521.1946482,5,10,20,32.30515751,64.61031501,-0.46530,-1.21932,-1.27653
43,Adult,616,5,2,13.3,9.4,7.9,729,71.7,90.16460905,13,44.85343757,542.4320758,2,61.5,123,56.02528787,112.0505757,-0.09978,0.98934,-0.81384
43,Adult,631,5,3,14.5,12.2,6.4,1101,69,93.73297003,9,48.23038952,420.2108869,3,118,354,56.15236045,168.4570814,0.30852,1.96029,-0.55938
44,Adult,529,1,1,10.8,10.2,7.2,516,142.9,72.30620155,6,49.6611442,281.4070928,2,77,154,57.94103039,115.8820608,-0.41423,1.64476,0.20265
44,Adult,565,1,2,18.2,11.6,6.5,1293,381,70.53364269,24,47.77050925,1214.623935,15,40.2,603,54.58520738,818.7781107,2.60122,-1.21529,2.11364
44,Adult,581,1,3,11.3,8.9,8.8,750,86,88.53333333,20,42.48936515,864.3655955,11,31.90909091,351,49.77851142,547.5636256,1.42749,-0.98229,0.68926
44,Adult,585,2,1,13.6,9.1,5.6,586,128.1,78.13993174,21,39.91934169,857.0649226,8,20.375,163,44.61483837,356.9187069,0.67416,-1.08272,-0.06613
44,Adult,589,2,2,13.2,10.2,7,821,75.1,90.85261876,28,40.73286087,1101.43705,10,17.55555556,158,41.10007983,369.9007184,1.17511,-1.48467,-0.61070
44,Adult,595,2,3,18.2,13.4,7.8,1264,67.7,94.64398734,19,38.12378191,843.587482,9,50.55555556,455,44.7059919,402.3539271,1.23792,-0.71240,-0.29152
44,Adult,610,3,1,16.2,12.3,5.7,988,75.8,92.32793522,31,38.98078474,1266.837271,13,21.23076923,276,42.14560065,547.8928084,1.88680,-1.98918,-0.17823
44,Adult,627,3,2,13.9,11.2,9.3,1281,86.1,93.27868852,37,45.25636022,1658.959101,21,29.85714286,627,46.74852715,981.7190702,3.79244,-2.59855,1.54152
44,Adult,605,3,3,10.8,9.5,6.2,473,65.4,86.17336152,16,41.14711913,588.2497497,11,14.72727273,162,37.89550318,416.850535,0.60236,-1.35096,0.48378
44,Adult,625,4,1,12.8,8.7,8.2,1163,73,93.72312984,33,40.30333779,1390.573739,14,23.07142857,323,42.41323509,593.7852913,2.20985,-2.06242,-0.10138
44,Adult,614,4,2,12.8,10.7,6.4,792,70.2,91.13636364,24,45.08668258,1069.140957,6,32.66666667,196,48.56340353,291.3804212,0.92134,-0.37264,-0.75441
44,Adult,600,4,3,13,9.5,7.3,647,55,91.4992272,20,45.07561143,897.8119998,11,22.63636364,249,44.34989577,487.8488535,1.22730,-1.05997,0.44813
44,Adult,628,5,1,15.2,13.5,5.3,1271,86.4,93.20220299,36,45.20096765,1664.510987,14,32.92857143,461,47.33025325,662.6235455,2.81474,-1.70215,0.06881
44,Adult,603,5,2,11.4,9.9,5,527,73.6,86.0341556,13,44.05639376,583.7683086,2,44,88,57.22738985,114.4547797,-0.17600,0.71406,-0.64389
44,Adult,619,5,3,16.9,12.8,7.6,932,66.8,92.83261803,24,46.35988164,992.4470088,10,20.1,201,43.70110247,437.0110247,1.22459,-1.02130,0.00728
45,Adult,584,1,1,14.8,12.8,5.7,1075,105.5,90.18604651,30,38.72091708,1256.853154,14,26.21428571,367,46.25604867,647.5846814,2.16911,-1.97764,0.34114
45,Adult,583,1,2,11.9,10.6,5.8,739,138,81.32611637,16,39.80009948,642.748215,3,41,123,44.15585678,132.4675703,-0.11651,-0.05827,-0.97931
45,Adult,521,1,3,12.8,9,5.9,544,211,61.21323529,13,41.95553592,537.9675741,3,18.66666667,56,44.78270403,134.3481121,-0.48574,-0.21880,-0.10626
45,Adult,588,2,1,12.7,11.3,4.8,559,78,86.04651163,14,36.6225116,594.6625296,9,27.33333333,246,45.10818202,405.9736382,0.58124,-1.02895,0.29105
45,Adult,593,2,2,15.9,10.3,9.1,1217,76,93.75513558,25,42.32406447,1040.546363,11,27.09090909,298,48.17581394,529.9339533,1.58613,-1.21767,0.17584
45,Adult,590,2,3,16.1,10.8,8.8,793,85.3,89.24337957,17,47.13728009,798.1964255,8,32.375,259,50.27461612,402.1969289,0.90888,-0.27140,0.34796
45,Adult,602,3,1,11.6,6.1,5.1,419,84,79.9522673,16,42.86949966,730.7938961,4,19.25,77,42.95005269,171.8002108,-0.05680,-0.35659,-0.60543
45,Adult,612,3,2,18.4,12.4,5.7,925,128,86.16216216,31,42.31517456,1079.715106,10,35.6,356,43.32693176,433.2693176,1.60780,-1.18314,-0.37931
45,Adult,621,3,3,18.5,12.4,6.6,1053,56.6,94.62488129,19,41.62199784,794.7653845,3,24.33333333,73,45.46505489,136.3951647,0.06649,-0.20726,-1.31490
45,Adult,569,4,1,12.5,10.3,5.7,925,129,86.05405405,21,40.64567604,854.1024919,9,50.77777778,457,42.83891768,385.5502592,1.23723,-0.67149,-0.16553
45,Adult,632,4,2,16,12,9.4,1178,124,89.47368421,22,42.25175026,905.1340053,5,66.6,333,47.17212625,235.8606313,0.84849,0.12805,-1.05511
45,Adult,597,4,3,9,7.5,7.2,427,158.7,62.83372365,8,47.49305887,386.7631481,5,24.6,123,50.90239744,254.5119872,-0.25512,0.19595,0.97290
45,Adult,604,5,1,11.2,8.6,5.1,471,92,80.4670913,12,58.54506989,686.3914087,7,24.85714286,174,40.5441294,283.8089058,0.36623,0.29563,0.67365
45,Adult,618,5,2,19.3,10.2,6.8,866,85,90.18475751,19,43.80878479,866.1278694,11,32.90909091,362,47.0573509,517.6308599,1.38364,-0.90091,0.60601
45,Adult,630,5,3,14.3,13.4,9.2,1201,613,48.95920067,6,51.72496176,301.290409,4,57.25,229,47.19528098,188.7811239,-0.35965,0.94807,1.09258
46,Adult,609,1,1,11.9,11.7,8.3,817,194.6,76.18115055,10,42.8861129,429.3911232,1,52,52,61.04144906,61.04144906,-0.53419,1.02960,-0.44031
46,Adult,679,1,2,13.1,11.1,7.5,1020,284.8,72.07843137,14,41.11408504,572.5027608,3,13.33333333,40,42.95601607,128.8680482,-0.43423,-0.36617,-0.48154
46,Adult,662,2,1,14.8,14.6,9.7,997,210.9,78.84653962,20,43.78210219,861.5386498,2,14,28,47.449765,94.89953001,-0.10674,-0.15774,-1.05073
46,Adult,677,2,2,16,10.1,7.9,1047,166.3,84.1165234,16,53.87480829,794.7225108,2,18,36,54.61006779,109.2201356,-0.03874,0.73081,-0.41115
46,Adult,644,2,3,14.6,5.7,6.2,539,176.4,67.27272727,11,42.05901108,395.5521769,1,39,39,57.55280851,57.55280851,-0.66560,0.68907,-0.29236
46,Adult,673,3,1,21.1,10.1,10.2,1083,85.1,92.1421976,19,42.28076112,777.3616191,3,16,48,41.21165763,123.6349729,-0.05123,-0.38084,-1.30513
46,Adult,671,3,2,16.6,9.5,7.7,946,252.2,73.34038055,17,51.72745613,759.7824966,1,95,95,64.01678828,64.01678828,0.09230,1.90927,-0.71704
46,Adult,648,3,3,12.9,8,7.2,678,190.9,71.84365782,10,41.98581921,413.6638074,0,0,0,0,0,-1.36177,-1.07316,-1.68768
46,Adult,672,4,1,17.5,9.5,7.7,919,287.4,68.72687704,21,46.26848235,968.0705569,6,22.33333333,134,47.66723772,286.0034263,0.54426,-0.47365,0.00606
46,Adult,689,4,2,15.1,9.8,7,1016,145.2,85.70866142,34,46.01184768,1541.461563,10,26.8,268,51.40536582,514.0536582,2.03192,-1.19174,-0.25495
46,Adult,646,4,3,10.6,9.6,5.3,567,96.2,83.0335097,12,45.54917261,552.8885052,3,66,198,52.93901698,158.8170509,0.03446,0.89877,-0.44734
46,Adult,651,5,1,9.5,9.1,6.4,451,106.6,76.36363636,16,42.53709365,600.7022974,4,19,76,42.84710669,171.3884268,-0.16497,-0.36092,-0.45254
46,Adult,656,5,2,12.8,8.1,7,985,104.8,89.36040609,21,49.62844758,983.0538415,4,59.25,237,58.23722929,232.9489172,0.82837,0.76043,-0.62816
46,Adult,683,5,3,13.3,10.5,9.9,1280,232.5,81.8359375,21,48.62864367,1002.237065,6,75.16666667,451,58.79179742,352.7507845,1.34571,0.68098,-0.02414
47,Adult,650,1,1,12.5,9.6,5.3,537,285,46.9273743,7,33.88027511,255.8088966,1,8,8,30.15088094,30.15088094,-1.40482,-0.77125,-0.38134
47,Adult,682,1,2,10.8,10.7,8.2,1089,326,70.06427916,16,45.13297705,689.3444452,1,182,182,57.31736289,57.31736289,0.18412,2.53599,-1.49571
47,Adult,638,2,1,14.3,12.4,5,676,182,73.07692308,12,50.03314439,590.3623393,3,42,126,51.70570996,155.1171299,-0.11817,0.74540,0.01724
47,Adult,658,2,2,12,11.2,6.4,759,69,90.90909091,20,47.54880651,812.8752277,3,44.33333333,133,44.58021396,133.7406419,0.24485,0.33634,-1.18444
47,Adult,676,2,3,13.6,10.8,8,1226,216,82.3817292,26,44.8214509,1125.589268,4,114.75,459,48.47100116,193.8840046,1.24226,0.91518,-1.51715
47,Adult,645,3,1,13.6,7.8,7.6,610,127,79.18032787,7,41.77852601,285.7969432,2,41,82,39.20652186,78.41304372,-0.77657,0.31222,-0.61585
47,Adult,670,3,2,13.8,11.4,7.3,993,357,64.04833837,20,46.00537296,897.1684594,3,68,204,51.99947736,155.9984321,0.35051,0.61379,-0.57041
47,Adult,678,3,3,16.8,12.2,8.8,1294,241,81.3755796,16,43.06983219,672.4862587,4,155.25,621,58.58509506,234.3403802,1.09797,1.90498,-0.72859
47,Adult,669,4,1,19.9,11,6,940,154,83.61702128,23,51.97514028,1207.990913,8,24.25,194,46.61079695,372.8863756,1.16758,-0.43361,0.02800
47,Adult,634,4,2,15,10.6,6.2,672,140,79.16666667,12,40.00375918,446.2357823,3,35,105,45.63864715,136.9159415,-0.37301,0.02461,-0.55789
47,Adult,691,4,3,16.1,12.5,6.3,1101,112,89.82742961,27,44.34829459,1198.180797,2,112.5,225,36.30490256,72.60980511,0.70648,0.74702,-2.64029
47,Adult,690,5,1,15.4,14.5,4.4,1147,167,85.44027899,13,54.74258411,616.7187737,0,0,0,0,0,-0.96194,-0.43021,-1.77287
47,Adult,659,5,2,17.6,10.4,7.6,939,119,87.32694356,14,52.53358982,724.8835031,3,46.33333333,139,53.63479477,160.9043843,0.17221,0.96249,-0.35240
47,Adult,636,5,3,13.2,8.1,5.8,557,47,91.56193896,18,41.29084804,739.0465522,3,55.33333333,166,52.64986426,157.9495928,0.25169,0.37551,-1.12403
48,Adult,664,1,1,14.8,12.3,5.3,744,220.9,70.30913978,17,37.28608551,650.2712313,6,29.33333333,176,38.99778906,233.9867344,0.10987,-0.85613,-0.35218
48,Adult,643,1,2,13.8,6,6.4,431,158,63.34106729,11,38.04573035,437.9446015,5,26.2,131,48.02835692,240.1417846,-0.25300,-0.42899,0.34227
48,Adult,674,1,3,15.5,12.2,6.5,1240,1019.9,17.75,2,21.62100934,43.24201868,1,193,193,-8.297926451,-8.297926451,-1.65694,0.07732,-1.90568
48,Adult,661,2,1,13.2,11.5,8.4,778,385,50.51413882,10,40.99822667,418.4232021,6,26.66666667,160,43.10846051,258.6507631,-0.26521,-0.49031,0.84456
48,Adult,684,2,2,16.7,14.2,5.1,1106,217,80.37974684,22,46.64701512,1046.25785,7,37.42857143,262,56.03249355,392.2274549,1.13071,-0.19933,0.15380
48,Adult,681,3,1,13.9,11,7.1,1213,259,78.64798021,30,40.43496331,1141.480799,8,61,488,46.95416958,375.6333566,1.63288,-0.63412,-0.62842
48,Adult,655,3,2,11.2,10,7.9,859,183,78.69615832,15,34.60368598,592.3759248,1,9,9,40.66710082,40.66710082,-0.69443,-0.59786,-1.37593
48,Adult,635,3,3,9.8,8.7,5.4,491,190.3,61.24236253,11,34.58433048,386.1413069,2,7,14,32.09556285,64.1911257,-1.01349,-0.86928,-0.70323
48,Adult,639,4,1,15.4,10.7,4.8,579,192.1,66.82210708,8,48.45513084,355.4844664,1,10,10,60.48335304,60.48335304,-0.78769,0.80572,0.35558
48,Adult,653,4,2,14.2,11.4,8.3,965,223,76.89119171,18,48.1796006,837.8723121,7,62.42857143,437,52.58935976,368.1255183,1.11020,0.32732,0.36897
48,Adult,688,4,2,13.6,11.7,8.2,1095,130.3,88.10045662,31,36.81039257,1081.725688,5,39.4,197,39.36085106,196.8042553,0.79757,-0.94558,-1.86071
48,Adult,640,5,1,11.3,7.8,5.7,412,123,70.14563107,13,42.77606531,571.5753154,4,31.25,125,51.01850448,204.0740179,-0.10476,0.03526,0.04729
48,Adult,680,5,2,17.3,10.4,7,1297,213.3,83.55435621,32,39.19448448,1252.748239,5,20.6,103,44.96939684,224.8469842,0.84175,-1.05790,-1.54071
48,Adult,668,5,3,15.4,11.2,7.7,902,190,78.93569845,19,37.10733492,699.1083546,4,82,328,41.51539944,166.0615978,0.38020,0.12276,-1.24216
49,Adult,637,1,1,10.1,9.2,5.9,503,113.5,77.43538767,8,46.72752102,404.4005909,2,43,86,55.33077874,110.6615575,-0.46875,0.91942,-0.07111
49,Adult,654,1,2,10.6,9.6,5.7,722,524,27.42382271,7,47.24935394,337.7182202,3,22.33333333,67,54.22209658,162.6662898,-0.78949,0.37256,1.51761
49,Adult,633,2,1,14.7,9.8,5.5,490,109.6,77.63265306,13,40.31809703,612.9017768,0,0,0,0,0,-1.14045,-1.25443,-2.13563
49,Adult,686,2,2,18.1,14.4,5.4,1165,120.1,89.69098712,26,51.36520164,1314.14079,5,50,250,53.31466264,266.5733132,1.23373,0.32656,-0.85641
49,Adult,663,2,3,18.8,9.1,7.3,922,64.1,93.04772234,20,45.01389346,886.5547426,5,64.2,321,51.33406541,256.6703271,0.86745,0.38377,-0.78683
49,Adult,667,3,1,13.6,12.9,8.3,913,133,85.43263965,21,39.02188212,842.8266122,6,52,312,45.51700607,273.1020364,0.75734,-0.37948,-0.77103
49,Adult,649,3,2,14.6,11.2,6,615,131.8,78.56910569,15,36.42769494,554.0135638,4,48.75,195,35.18885165,140.7554066,-0.14278,-0.39542,-1.05204
49,Adult,685,3,3,13.4,12.3,9.2,1046,196.5,81.21414914,14,42.75615884,513.0739061,6,94.33333333,566,46.76972143,280.6183286,0.81033,0.68541,-0.15177
49,Adult,657,4,1,16,7.6,7.3,868,251,71.08294931,26,43.90949447,1100.149358,5,58.4,292,49.87358002,249.3679001,0.94777,-0.04428,-0.72198
49,Adult,647,4,2,13.2,7.5,6.4,642,230.4,64.11214953,17,42.04438294,692.8044422,3,32.66666667,98,49.32109268,147.963278,-0.13188,-0.03374,-0.36802
49,Adult,675,4,3,17.8,9.3,9.2,1177,128.5,89.08241291,20,34.26276536,635.3978898,3,9.666666667,29,33.5943971,100.7831913,-0.32818,-1.06900,-1.68198
49,Adult,642,5,1,18.1,9.3,4,617,154,75.04051864,5,49.45036205,257.6423155,1,12,12,39.05985679,39.05985679,-1.05537,0.49430,-0.16625
49,Adult,692,5,2,17.8,15.8,5.9,1230,186.5,84.83739837,25,55.45009367,1434.439742,3,43.66666667,131,49.42666863,148.2800059,0.84820,0.58773,-1.19743
49,Adult,660,5,3,15.9,11.1,6.3,890,150.8,83.05617978,17,53.66442895,831.9035212,1,146,146,65.14896765,65.14896765,0.39855,2.71932,-1.19406
50,Adult,665,1,1,13.6,11.3,6.4,988,201.7,79.58502024,26,41.09273503,1048.036029,6,49.66666667,298,42.0339974,252.2039844,0.92485,-0.53639,-1.00983
50,Adult,693,1,2,15.1,15.1,6.1,1161,601,48.23428079,12,46.40949946,530.9927932,1,131,131,56.55222418,56.55222418,-0.31941,1.96949,-0.38782
50,Adult,694,2,1,16.8,7.6,7.3,1205,325.1,73.02074689,21,46.26229216,974.0750805,10,61,610,52.18038845,521.8038845,1.78878,-0.25034,0.90512
50,Adult,666,2,2,17.1,13.6,5.8,999,96,90.39039039,30,42.44158816,1256.862629,8,48.125,385,50.54982964,404.3986371,1.69594,-0.65311,-0.71284
50,Adult,704,3,1,16.2,14.2,7.4,1184,670,43.41216216,9,38.77662481,348.62144,1,59,59,42.91568341,42.91568341,-0.98020,0.38361,-0.23820
50,Adult,699,3,2,18.2,11.4,5.2,931,135.4,85.45649839,32,38.42327475,1194.629044,5,36.8,184,41.1373824,205.686912,0.89505,-0.91830,-1.77849
50,Adult,697,3,3,17.1,7.5,5.1,539,85,84.23005566,20,42.18536793,833.1141759,6,21.5,129,41.41918688,248.5151213,0.38783,-0.71314,-0.61063
50,Adult,702,4,1,14.4,10.3,8.3,1275,424.1,66.7372549,22,39.61721044,895.2008535,9,59,531,48.61472201,437.5324981,1.38332,-0.61351,0.41221
50,Adult,698,4,2,17,7.6,7.2,651,180,72.35023041,26,45.5264722,1126.336217,6,19.16666667,115,50.61796174,303.7077704,0.80090,-0.63520,-0.28942
50,Adult,701,4,3,13.8,11.5,7.8,784,249.2,68.21428571,22,45.5848474,880.4131811,9,24.88888889,224,40.07662335,360.6896101,0.81726,-0.94554,0.32507
50,Adult,696,5,1,14.1,11.5,4.6,561,118.5,78.87700535,18,46.49036601,868.3272954,5,35,175,35.49306985,177.4653493,0.26796,-0.26814,-0.73087
50,Adult,700,5,2,16.7,11.2,4.1,800,142,82.25,19,44.80661475,821.8503513,5,26.4,132,52.62069782,263.1034891,0.43178,-0.15248,-0.25489
50,Adult,703,5,3,17.2,9,8.8,1195,161,86.52719665,29,47.21769933,1334.483173,10,45.7,457,51.1950212,511.950212,2.06416,-0.66314,0.05750
